"filename", "language", "Batch", "Gradle", "Java Properties", "XML", "Kotlin", "JSON", "comment", "blank", "total"
"c:\Users\didac\OneDrive\Documentos\FP\CFGS\2nDAM\PROJECTES\SIM_BANK\.idea\compiler.xml", "XML", 0, 0, 0, 6, 0, 0, 0, 0, 6
"c:\Users\didac\OneDrive\Documentos\FP\CFGS\2nDAM\PROJECTES\SIM_BANK\.idea\deploymentTargetDropDown.xml", "XML", 0, 0, 0, 17, 0, 0, 0, 0, 17
"c:\Users\didac\OneDrive\Documentos\FP\CFGS\2nDAM\PROJECTES\SIM_BANK\.idea\gradle.xml", "XML", 0, 0, 0, 20, 0, 0, 0, 0, 20
"c:\Users\didac\OneDrive\Documentos\FP\CFGS\2nDAM\PROJECTES\SIM_BANK\.idea\misc.xml", "XML", 0, 0, 0, 6, 0, 0, 0, 0, 6
"c:\Users\didac\OneDrive\Documentos\FP\CFGS\2nDAM\PROJECTES\SIM_BANK\.idea\vcs.xml", "XML", 0, 0, 0, 6, 0, 0, 0, 0, 6
"c:\Users\didac\OneDrive\Documentos\FP\CFGS\2nDAM\PROJECTES\SIM_BANK\app\build.gradle", "Gradle", 0, 74, 0, 0, 0, 0, 0, 12, 86
"c:\Users\didac\OneDrive\Documentos\FP\CFGS\2nDAM\PROJECTES\SIM_BANK\app\google-services.json", "JSON", 0, 0, 0, 0, 0, 76, 0, 0, 76
"c:\Users\didac\OneDrive\Documentos\FP\CFGS\2nDAM\PROJECTES\SIM_BANK\app\src\androidTest\java\com\bluemeth\simbank\ExampleInstrumentedTest.kt", "Kotlin", 0, 0, 0, 0, 14, 0, 6, 4, 24
"c:\Users\didac\OneDrive\Documentos\FP\CFGS\2nDAM\PROJECTES\SIM_BANK\app\src\debug\res\mipmap-anydpi-v26\ic_launcher.xml", "XML", 0, 0, 0, 5, 0, 0, 0, 0, 5
"c:\Users\didac\OneDrive\Documentos\FP\CFGS\2nDAM\PROJECTES\SIM_BANK\app\src\debug\res\mipmap-anydpi-v26\ic_launcher_round.xml", "XML", 0, 0, 0, 5, 0, 0, 0, 0, 5
"c:\Users\didac\OneDrive\Documentos\FP\CFGS\2nDAM\PROJECTES\SIM_BANK\app\src\debug\res\values\ic_launcher_background.xml", "XML", 0, 0, 0, 4, 0, 0, 0, 0, 4
"c:\Users\didac\OneDrive\Documentos\FP\CFGS\2nDAM\PROJECTES\SIM_BANK\app\src\main\AndroidManifest.xml", "XML", 0, 0, 0, 77, 0, 0, 0, 5, 82
"c:\Users\didac\OneDrive\Documentos\FP\CFGS\2nDAM\PROJECTES\SIM_BANK\app\src\main\java\com\bluemeth\simbank\src\SimBankApp.kt", "Kotlin", 0, 0, 0, 0, 20, 0, 0, 3, 23
"c:\Users\didac\OneDrive\Documentos\FP\CFGS\2nDAM\PROJECTES\SIM_BANK\app\src\main\java\com\bluemeth\simbank\src\core\Event.kt", "Kotlin", 0, 0, 0, 0, 17, 0, 0, 5, 22
"c:\Users\didac\OneDrive\Documentos\FP\CFGS\2nDAM\PROJECTES\SIM_BANK\app\src\main\java\com\bluemeth\simbank\src\core\delegate\WeakReferenceDelegate.kt", "Kotlin", 0, 0, 0, 0, 16, 0, 0, 8, 24
"c:\Users\didac\OneDrive\Documentos\FP\CFGS\2nDAM\PROJECTES\SIM_BANK\app\src\main\java\com\bluemeth\simbank\src\core\dialog\DialogFragmentLauncher.kt", "Kotlin", 0, 0, 0, 0, 29, 0, 0, 8, 37
"c:\Users\didac\OneDrive\Documentos\FP\CFGS\2nDAM\PROJECTES\SIM_BANK\app\src\main\java\com\bluemeth\simbank\src\core\dialog\ErrorDialog.kt", "Kotlin", 0, 0, 0, 0, 67, 0, 0, 12, 79
"c:\Users\didac\OneDrive\Documentos\FP\CFGS\2nDAM\PROJECTES\SIM_BANK\app\src\main\java\com\bluemeth\simbank\src\core\dialog\ParticipateDialog.kt", "Kotlin", 0, 0, 0, 0, 79, 0, 0, 17, 96
"c:\Users\didac\OneDrive\Documentos\FP\CFGS\2nDAM\PROJECTES\SIM_BANK\app\src\main\java\com\bluemeth\simbank\src\core\dialog\QuestionDialog.kt", "Kotlin", 0, 0, 0, 0, 71, 0, 0, 10, 81
"c:\Users\didac\OneDrive\Documentos\FP\CFGS\2nDAM\PROJECTES\SIM_BANK\app\src\main\java\com\bluemeth\simbank\src\core\dialog\SuccessDialog.kt", "Kotlin", 0, 0, 0, 0, 54, 0, 0, 12, 66
"c:\Users\didac\OneDrive\Documentos\FP\CFGS\2nDAM\PROJECTES\SIM_BANK\app\src\main\java\com\bluemeth\simbank\src\core\ex\ActivityEx.kt", "Kotlin", 0, 0, 0, 0, 43, 0, 0, 6, 49
"c:\Users\didac\OneDrive\Documentos\FP\CFGS\2nDAM\PROJECTES\SIM_BANK\app\src\main\java\com\bluemeth\simbank\src\core\ex\DialogEx.kt", "Kotlin", 0, 0, 0, 0, 7, 0, 0, 3, 10
"c:\Users\didac\OneDrive\Documentos\FP\CFGS\2nDAM\PROJECTES\SIM_BANK\app\src\main\java\com\bluemeth\simbank\src\core\ex\EditTextEx.kt", "Kotlin", 0, 0, 0, 0, 22, 0, 0, 4, 26
"c:\Users\didac\OneDrive\Documentos\FP\CFGS\2nDAM\PROJECTES\SIM_BANK\app\src\main\java\com\bluemeth\simbank\src\core\ex\FragmentEx.kt", "Kotlin", 0, 0, 0, 0, 10, 0, 0, 4, 14
"c:\Users\didac\OneDrive\Documentos\FP\CFGS\2nDAM\PROJECTES\SIM_BANK\app\src\main\java\com\bluemeth\simbank\src\core\ex\ViewEx.kt", "Kotlin", 0, 0, 0, 0, 10, 0, 0, 2, 12
"c:\Users\didac\OneDrive\Documentos\FP\CFGS\2nDAM\PROJECTES\SIM_BANK\app\src\main\java\com\bluemeth\simbank\src\data\models\BankAccount.kt", "Kotlin", 0, 0, 0, 0, 7, 0, 0, 2, 9
"c:\Users\didac\OneDrive\Documentos\FP\CFGS\2nDAM\PROJECTES\SIM_BANK\app\src\main\java\com\bluemeth\simbank\src\data\models\Bizum.kt", "Kotlin", 0, 0, 0, 0, 18, 0, 0, 3, 21
"c:\Users\didac\OneDrive\Documentos\FP\CFGS\2nDAM\PROJECTES\SIM_BANK\app\src\main\java\com\bluemeth\simbank\src\data\models\CreditCard.kt", "Kotlin", 0, 0, 0, 0, 13, 0, 0, 3, 16
"c:\Users\didac\OneDrive\Documentos\FP\CFGS\2nDAM\PROJECTES\SIM_BANK\app\src\main\java\com\bluemeth\simbank\src\data\models\Mission.kt", "Kotlin", 0, 0, 0, 0, 6, 0, 0, 2, 8
"c:\Users\didac\OneDrive\Documentos\FP\CFGS\2nDAM\PROJECTES\SIM_BANK\app\src\main\java\com\bluemeth\simbank\src\data\models\Movement.kt", "Kotlin", 0, 0, 0, 0, 19, 0, 0, 2, 21
"c:\Users\didac\OneDrive\Documentos\FP\CFGS\2nDAM\PROJECTES\SIM_BANK\app\src\main\java\com\bluemeth\simbank\src\data\models\NoteMovement.kt", "Kotlin", 0, 0, 0, 0, 8, 0, 0, 3, 11
"c:\Users\didac\OneDrive\Documentos\FP\CFGS\2nDAM\PROJECTES\SIM_BANK\app\src\main\java\com\bluemeth\simbank\src\data\models\Notification.kt", "Kotlin", 0, 0, 0, 0, 15, 0, 0, 3, 18
"c:\Users\didac\OneDrive\Documentos\FP\CFGS\2nDAM\PROJECTES\SIM_BANK\app\src\main\java\com\bluemeth\simbank\src\data\models\RequestedBizum.kt", "Kotlin", 0, 0, 0, 0, 12, 0, 0, 3, 15
"c:\Users\didac\OneDrive\Documentos\FP\CFGS\2nDAM\PROJECTES\SIM_BANK\app\src\main\java\com\bluemeth\simbank\src\data\models\User.kt", "Kotlin", 0, 0, 0, 0, 12, 0, 0, 3, 15
"c:\Users\didac\OneDrive\Documentos\FP\CFGS\2nDAM\PROJECTES\SIM_BANK\app\src\main\java\com\bluemeth\simbank\src\data\models\utils\CreditCardType.kt", "Kotlin", 0, 0, 0, 0, 4, 0, 0, 1, 5
"c:\Users\didac\OneDrive\Documentos\FP\CFGS\2nDAM\PROJECTES\SIM_BANK\app\src\main\java\com\bluemeth\simbank\src\data\models\utils\NotificationType.kt", "Kotlin", 0, 0, 0, 0, 4, 0, 0, 1, 5
"c:\Users\didac\OneDrive\Documentos\FP\CFGS\2nDAM\PROJECTES\SIM_BANK\app\src\main\java\com\bluemeth\simbank\src\data\models\utils\PaymentType.kt", "Kotlin", 0, 0, 0, 0, 4, 0, 0, 1, 5
"c:\Users\didac\OneDrive\Documentos\FP\CFGS\2nDAM\PROJECTES\SIM_BANK\app\src\main\java\com\bluemeth\simbank\src\data\providers\HomeHeaderProvider.kt", "Kotlin", 0, 0, 0, 0, 12, 0, 0, 2, 14
"c:\Users\didac\OneDrive\Documentos\FP\CFGS\2nDAM\PROJECTES\SIM_BANK\app\src\main\java\com\bluemeth\simbank\src\data\providers\InfoCardProvider.kt", "Kotlin", 0, 0, 0, 0, 30, 0, 0, 3, 33
"c:\Users\didac\OneDrive\Documentos\FP\CFGS\2nDAM\PROJECTES\SIM_BANK\app\src\main\java\com\bluemeth\simbank\src\data\providers\MissionsProvider.kt", "Kotlin", 0, 0, 0, 0, 11, 0, 0, 2, 13
"c:\Users\didac\OneDrive\Documentos\FP\CFGS\2nDAM\PROJECTES\SIM_BANK\app\src\main\java\com\bluemeth\simbank\src\data\providers\Prefs.kt", "Kotlin", 0, 0, 0, 0, 41, 0, 0, 16, 57
"c:\Users\didac\OneDrive\Documentos\FP\CFGS\2nDAM\PROJECTES\SIM_BANK\app\src\main\java\com\bluemeth\simbank\src\data\providers\PromotionsFeaturesProvider.kt", "Kotlin", 0, 0, 0, 0, 12, 0, 0, 3, 15
"c:\Users\didac\OneDrive\Documentos\FP\CFGS\2nDAM\PROJECTES\SIM_BANK\app\src\main\java\com\bluemeth\simbank\src\data\providers\PromotionsHeaderProvider.kt", "Kotlin", 0, 0, 0, 0, 17, 0, 0, 3, 20
"c:\Users\didac\OneDrive\Documentos\FP\CFGS\2nDAM\PROJECTES\SIM_BANK\app\src\main\java\com\bluemeth\simbank\src\data\providers\SettingsProvider.kt", "Kotlin", 0, 0, 0, 0, 21, 0, 0, 2, 23
"c:\Users\didac\OneDrive\Documentos\FP\CFGS\2nDAM\PROJECTES\SIM_BANK\app\src\main\java\com\bluemeth\simbank\src\data\providers\firebase\AuthenticationRepository.kt", "Kotlin", 0, 0, 0, 0, 97, 0, 7, 19, 123
"c:\Users\didac\OneDrive\Documentos\FP\CFGS\2nDAM\PROJECTES\SIM_BANK\app\src\main\java\com\bluemeth\simbank\src\data\providers\firebase\BankAccountRepository.kt", "Kotlin", 0, 0, 0, 0, 93, 0, 0, 19, 112
"c:\Users\didac\OneDrive\Documentos\FP\CFGS\2nDAM\PROJECTES\SIM_BANK\app\src\main\java\com\bluemeth\simbank\src\data\providers\firebase\CreditCardRepository.kt", "Kotlin", 0, 0, 0, 0, 89, 0, 0, 14, 103
"c:\Users\didac\OneDrive\Documentos\FP\CFGS\2nDAM\PROJECTES\SIM_BANK\app\src\main\java\com\bluemeth\simbank\src\data\providers\firebase\FirebaseClient.kt", "Kotlin", 0, 0, 0, 0, 13, 0, 0, 4, 17
"c:\Users\didac\OneDrive\Documentos\FP\CFGS\2nDAM\PROJECTES\SIM_BANK\app\src\main\java\com\bluemeth\simbank\src\data\providers\firebase\MovementRepository.kt", "Kotlin", 0, 0, 0, 0, 154, 0, 0, 33, 187
"c:\Users\didac\OneDrive\Documentos\FP\CFGS\2nDAM\PROJECTES\SIM_BANK\app\src\main\java\com\bluemeth\simbank\src\data\providers\firebase\NoteMovementRepository.kt", "Kotlin", 0, 0, 0, 0, 66, 0, 0, 11, 77
"c:\Users\didac\OneDrive\Documentos\FP\CFGS\2nDAM\PROJECTES\SIM_BANK\app\src\main\java\com\bluemeth\simbank\src\data\providers\firebase\NotificationRepository.kt", "Kotlin", 0, 0, 0, 0, 143, 0, 0, 19, 162
"c:\Users\didac\OneDrive\Documentos\FP\CFGS\2nDAM\PROJECTES\SIM_BANK\app\src\main\java\com\bluemeth\simbank\src\data\providers\firebase\RequestedBizumRepository.kt", "Kotlin", 0, 0, 0, 0, 58, 0, 0, 16, 74
"c:\Users\didac\OneDrive\Documentos\FP\CFGS\2nDAM\PROJECTES\SIM_BANK\app\src\main\java\com\bluemeth\simbank\src\data\providers\firebase\UserRepository.kt", "Kotlin", 0, 0, 0, 0, 295, 0, 0, 48, 343
"c:\Users\didac\OneDrive\Documentos\FP\CFGS\2nDAM\PROJECTES\SIM_BANK\app\src\main\java\com\bluemeth\simbank\src\data\response\LoginResponse.kt", "Kotlin", 0, 0, 0, 0, 5, 0, 0, 1, 6
"c:\Users\didac\OneDrive\Documentos\FP\CFGS\2nDAM\PROJECTES\SIM_BANK\app\src\main\java\com\bluemeth\simbank\src\domain\AcceptContactRequestUseCase.kt", "Kotlin", 0, 0, 0, 0, 20, 0, 0, 4, 24
"c:\Users\didac\OneDrive\Documentos\FP\CFGS\2nDAM\PROJECTES\SIM_BANK\app\src\main\java\com\bluemeth\simbank\src\domain\CreateAccountUseCase.kt", "Kotlin", 0, 0, 0, 0, 19, 0, 0, 3, 22
"c:\Users\didac\OneDrive\Documentos\FP\CFGS\2nDAM\PROJECTES\SIM_BANK\app\src\main\java\com\bluemeth\simbank\src\domain\CreateUserDataUseCase.kt", "Kotlin", 0, 0, 0, 0, 21, 0, 0, 6, 27
"c:\Users\didac\OneDrive\Documentos\FP\CFGS\2nDAM\PROJECTES\SIM_BANK\app\src\main\java\com\bluemeth\simbank\src\domain\DeleteAccountUseCase.kt", "Kotlin", 0, 0, 0, 0, 26, 0, 0, 4, 30
"c:\Users\didac\OneDrive\Documentos\FP\CFGS\2nDAM\PROJECTES\SIM_BANK\app\src\main\java\com\bluemeth\simbank\src\domain\DeleteUserContactUseCase.kt", "Kotlin", 0, 0, 0, 0, 15, 0, 0, 4, 19
"c:\Users\didac\OneDrive\Documentos\FP\CFGS\2nDAM\PROJECTES\SIM_BANK\app\src\main\java\com\bluemeth\simbank\src\domain\ForgotPasswordUseCase.kt", "Kotlin", 0, 0, 0, 0, 6, 0, 0, 3, 9
"c:\Users\didac\OneDrive\Documentos\FP\CFGS\2nDAM\PROJECTES\SIM_BANK\app\src\main\java\com\bluemeth\simbank\src\domain\InsertCreditCardUseCase.kt", "Kotlin", 0, 0, 0, 0, 7, 0, 0, 3, 10
"c:\Users\didac\OneDrive\Documentos\FP\CFGS\2nDAM\PROJECTES\SIM_BANK\app\src\main\java\com\bluemeth\simbank\src\domain\InsertMovementUseCase.kt", "Kotlin", 0, 0, 0, 0, 31, 0, 0, 4, 35
"c:\Users\didac\OneDrive\Documentos\FP\CFGS\2nDAM\PROJECTES\SIM_BANK\app\src\main\java\com\bluemeth\simbank\src\domain\LoginUseCase.kt", "Kotlin", 0, 0, 0, 0, 8, 0, 0, 3, 11
"c:\Users\didac\OneDrive\Documentos\FP\CFGS\2nDAM\PROJECTES\SIM_BANK\app\src\main\java\com\bluemeth\simbank\src\domain\SendEmailVerificationUseCase.kt", "Kotlin", 0, 0, 0, 0, 6, 0, 0, 3, 9
"c:\Users\didac\OneDrive\Documentos\FP\CFGS\2nDAM\PROJECTES\SIM_BANK\app\src\main\java\com\bluemeth\simbank\src\domain\SendRequestBizumUseCase.kt", "Kotlin", 0, 0, 0, 0, 19, 0, 0, 4, 23
"c:\Users\didac\OneDrive\Documentos\FP\CFGS\2nDAM\PROJECTES\SIM_BANK\app\src\main\java\com\bluemeth\simbank\src\domain\UpdateEmailUseCase.kt", "Kotlin", 0, 0, 0, 0, 32, 0, 0, 5, 37
"c:\Users\didac\OneDrive\Documentos\FP\CFGS\2nDAM\PROJECTES\SIM_BANK\app\src\main\java\com\bluemeth\simbank\src\domain\UpdateNameUseCase.kt", "Kotlin", 0, 0, 0, 0, 20, 0, 0, 4, 24
"c:\Users\didac\OneDrive\Documentos\FP\CFGS\2nDAM\PROJECTES\SIM_BANK\app\src\main\java\com\bluemeth\simbank\src\domain\UpdatePasswordUseCase.kt", "Kotlin", 0, 0, 0, 0, 22, 0, 0, 4, 26
"c:\Users\didac\OneDrive\Documentos\FP\CFGS\2nDAM\PROJECTES\SIM_BANK\app\src\main\java\com\bluemeth\simbank\src\domain\VerifyEmailUseCase.kt", "Kotlin", 0, 0, 0, 0, 7, 0, 0, 4, 11
"c:\Users\didac\OneDrive\Documentos\FP\CFGS\2nDAM\PROJECTES\SIM_BANK\app\src\main\java\com\bluemeth\simbank\src\ui\GlobalViewModel.kt", "Kotlin", 0, 0, 0, 0, 172, 0, 0, 53, 225
"c:\Users\didac\OneDrive\Documentos\FP\CFGS\2nDAM\PROJECTES\SIM_BANK\app\src\main\java\com\bluemeth\simbank\src\ui\auth\forgot_password\ForgotPasswordActivity.kt", "Kotlin", 0, 0, 0, 0, 47, 0, 0, 11, 58
"c:\Users\didac\OneDrive\Documentos\FP\CFGS\2nDAM\PROJECTES\SIM_BANK\app\src\main\java\com\bluemeth\simbank\src\ui\auth\forgot_password\ForgotPasswordViewModel.kt", "Kotlin", 0, 0, 0, 0, 39, 0, 0, 7, 46
"c:\Users\didac\OneDrive\Documentos\FP\CFGS\2nDAM\PROJECTES\SIM_BANK\app\src\main\java\com\bluemeth\simbank\src\ui\auth\login\LoginActivity.kt", "Kotlin", 0, 0, 0, 0, 188, 0, 0, 33, 221
"c:\Users\didac\OneDrive\Documentos\FP\CFGS\2nDAM\PROJECTES\SIM_BANK\app\src\main\java\com\bluemeth\simbank\src\ui\auth\login\LoginViewModel.kt", "Kotlin", 0, 0, 0, 0, 126, 0, 1, 29, 156
"c:\Users\didac\OneDrive\Documentos\FP\CFGS\2nDAM\PROJECTES\SIM_BANK\app\src\main\java\com\bluemeth\simbank\src\ui\auth\login\LoginViewState.kt", "Kotlin", 0, 0, 0, 0, 6, 0, 0, 1, 7
"c:\Users\didac\OneDrive\Documentos\FP\CFGS\2nDAM\PROJECTES\SIM_BANK\app\src\main\java\com\bluemeth\simbank\src\ui\auth\login\model\UserLogin.kt", "Kotlin", 0, 0, 0, 0, 6, 0, 0, 1, 7
"c:\Users\didac\OneDrive\Documentos\FP\CFGS\2nDAM\PROJECTES\SIM_BANK\app\src\main\java\com\bluemeth\simbank\src\ui\auth\signin\SignInActivity.kt", "Kotlin", 0, 0, 0, 0, 161, 0, 0, 23, 184
"c:\Users\didac\OneDrive\Documentos\FP\CFGS\2nDAM\PROJECTES\SIM_BANK\app\src\main\java\com\bluemeth\simbank\src\ui\auth\signin\SignInViewModel.kt", "Kotlin", 0, 0, 0, 0, 76, 0, 0, 16, 92
"c:\Users\didac\OneDrive\Documentos\FP\CFGS\2nDAM\PROJECTES\SIM_BANK\app\src\main\java\com\bluemeth\simbank\src\ui\auth\signin\SignInViewState.kt", "Kotlin", 0, 0, 0, 0, 10, 0, 0, 1, 11
"c:\Users\didac\OneDrive\Documentos\FP\CFGS\2nDAM\PROJECTES\SIM_BANK\app\src\main\java\com\bluemeth\simbank\src\ui\auth\signin\model\UserSignIn.kt", "Kotlin", 0, 0, 0, 0, 12, 0, 0, 1, 13
"c:\Users\didac\OneDrive\Documentos\FP\CFGS\2nDAM\PROJECTES\SIM_BANK\app\src\main\java\com\bluemeth\simbank\src\ui\auth\verification\VerificationActivity.kt", "Kotlin", 0, 0, 0, 0, 87, 0, 0, 21, 108
"c:\Users\didac\OneDrive\Documentos\FP\CFGS\2nDAM\PROJECTES\SIM_BANK\app\src\main\java\com\bluemeth\simbank\src\ui\auth\verification\VerificationViewModel.kt", "Kotlin", 0, 0, 0, 0, 48, 0, 0, 10, 58
"c:\Users\didac\OneDrive\Documentos\FP\CFGS\2nDAM\PROJECTES\SIM_BANK\app\src\main\java\com\bluemeth\simbank\src\ui\drawer\PrivacyPolicyFragment.kt", "Kotlin", 0, 0, 0, 0, 37, 0, 0, 10, 47
"c:\Users\didac\OneDrive\Documentos\FP\CFGS\2nDAM\PROJECTES\SIM_BANK\app\src\main\java\com\bluemeth\simbank\src\ui\drawer\contacts\ContactsFragment.kt", "Kotlin", 0, 0, 0, 0, 132, 0, 0, 29, 161
"c:\Users\didac\OneDrive\Documentos\FP\CFGS\2nDAM\PROJECTES\SIM_BANK\app\src\main\java\com\bluemeth\simbank\src\ui\drawer\contacts\ContactsRVAdapter.kt", "Kotlin", 0, 0, 0, 0, 86, 0, 0, 19, 105
"c:\Users\didac\OneDrive\Documentos\FP\CFGS\2nDAM\PROJECTES\SIM_BANK\app\src\main\java\com\bluemeth\simbank\src\ui\drawer\contacts\ContactsViewModel.kt", "Kotlin", 0, 0, 0, 0, 38, 0, 0, 9, 47
"c:\Users\didac\OneDrive\Documentos\FP\CFGS\2nDAM\PROJECTES\SIM_BANK\app\src\main\java\com\bluemeth\simbank\src\ui\drawer\contacts\add_contact\AddContactFragment.kt", "Kotlin", 0, 0, 0, 0, 135, 0, 0, 27, 162
"c:\Users\didac\OneDrive\Documentos\FP\CFGS\2nDAM\PROJECTES\SIM_BANK\app\src\main\java\com\bluemeth\simbank\src\ui\drawer\contacts\add_contact\AddContactViewModel.kt", "Kotlin", 0, 0, 0, 0, 42, 0, 0, 9, 51
"c:\Users\didac\OneDrive\Documentos\FP\CFGS\2nDAM\PROJECTES\SIM_BANK\app\src\main\java\com\bluemeth\simbank\src\ui\drawer\notifications\NotificationsFragment.kt", "Kotlin", 0, 0, 0, 0, 177, 0, 0, 31, 208
"c:\Users\didac\OneDrive\Documentos\FP\CFGS\2nDAM\PROJECTES\SIM_BANK\app\src\main\java\com\bluemeth\simbank\src\ui\drawer\notifications\NotificationsRVAdapter.kt", "Kotlin", 0, 0, 0, 0, 67, 0, 0, 15, 82
"c:\Users\didac\OneDrive\Documentos\FP\CFGS\2nDAM\PROJECTES\SIM_BANK\app\src\main\java\com\bluemeth\simbank\src\ui\drawer\notifications\NotificationsViewModel.kt", "Kotlin", 0, 0, 0, 0, 69, 0, 0, 16, 85
"c:\Users\didac\OneDrive\Documentos\FP\CFGS\2nDAM\PROJECTES\SIM_BANK\app\src\main\java\com\bluemeth\simbank\src\ui\drawer\notifications\contact_request_detail\ContactRequestDetailFragment.kt", "Kotlin", 0, 0, 0, 0, 119, 0, 0, 19, 138
"c:\Users\didac\OneDrive\Documentos\FP\CFGS\2nDAM\PROJECTES\SIM_BANK\app\src\main\java\com\bluemeth\simbank\src\ui\drawer\notifications\contact_request_detail\ContactRequestDetailViewModel.kt", "Kotlin", 0, 0, 0, 0, 53, 0, 0, 10, 63
"c:\Users\didac\OneDrive\Documentos\FP\CFGS\2nDAM\PROJECTES\SIM_BANK\app\src\main\java\com\bluemeth\simbank\src\ui\drawer\settings\SettingsFragment.kt", "Kotlin", 0, 0, 0, 0, 51, 0, 0, 14, 65
"c:\Users\didac\OneDrive\Documentos\FP\CFGS\2nDAM\PROJECTES\SIM_BANK\app\src\main\java\com\bluemeth\simbank\src\ui\drawer\settings\SettingsRVAdapter.kt", "Kotlin", 0, 0, 0, 0, 35, 0, 0, 9, 44
"c:\Users\didac\OneDrive\Documentos\FP\CFGS\2nDAM\PROJECTES\SIM_BANK\app\src\main\java\com\bluemeth\simbank\src\ui\home\HomeActivity.kt", "Kotlin", 0, 0, 0, 0, 133, 0, 1, 30, 164
"c:\Users\didac\OneDrive\Documentos\FP\CFGS\2nDAM\PROJECTES\SIM_BANK\app\src\main\java\com\bluemeth\simbank\src\ui\home\HomeViewModel.kt", "Kotlin", 0, 0, 0, 0, 30, 0, 0, 9, 39
"c:\Users\didac\OneDrive\Documentos\FP\CFGS\2nDAM\PROJECTES\SIM_BANK\app\src\main\java\com\bluemeth\simbank\src\ui\home\tabs\credit_cards_tab\CreditCardFragment.kt", "Kotlin", 0, 0, 0, 0, 88, 0, 0, 19, 107
"c:\Users\didac\OneDrive\Documentos\FP\CFGS\2nDAM\PROJECTES\SIM_BANK\app\src\main\java\com\bluemeth\simbank\src\ui\home\tabs\credit_cards_tab\CreditCardRVAdapter.kt", "Kotlin", 0, 0, 0, 0, 65, 0, 0, 19, 84
"c:\Users\didac\OneDrive\Documentos\FP\CFGS\2nDAM\PROJECTES\SIM_BANK\app\src\main\java\com\bluemeth\simbank\src\ui\home\tabs\credit_cards_tab\CreditCardViewModel.kt", "Kotlin", 0, 0, 0, 0, 41, 0, 0, 10, 51
"c:\Users\didac\OneDrive\Documentos\FP\CFGS\2nDAM\PROJECTES\SIM_BANK\app\src\main\java\com\bluemeth\simbank\src\ui\home\tabs\credit_cards_tab\add_credit_card\AddCreditCardFragment.kt", "Kotlin", 0, 0, 0, 0, 60, 0, 0, 14, 74
"c:\Users\didac\OneDrive\Documentos\FP\CFGS\2nDAM\PROJECTES\SIM_BANK\app\src\main\java\com\bluemeth\simbank\src\ui\home\tabs\credit_cards_tab\add_credit_card\AddCreditCardRVAdapter.kt", "Kotlin", 0, 0, 0, 0, 58, 0, 0, 15, 73
"c:\Users\didac\OneDrive\Documentos\FP\CFGS\2nDAM\PROJECTES\SIM_BANK\app\src\main\java\com\bluemeth\simbank\src\ui\home\tabs\credit_cards_tab\add_credit_card\add_credit_card_forms\credit_card_form\FormCreditCardFragment.kt", "Kotlin", 0, 0, 0, 0, 103, 0, 0, 21, 124
"c:\Users\didac\OneDrive\Documentos\FP\CFGS\2nDAM\PROJECTES\SIM_BANK\app\src\main\java\com\bluemeth\simbank\src\ui\home\tabs\credit_cards_tab\add_credit_card\add_credit_card_forms\credit_card_form\FormCreditCardViewModel.kt", "Kotlin", 0, 0, 0, 0, 87, 0, 0, 12, 99
"c:\Users\didac\OneDrive\Documentos\FP\CFGS\2nDAM\PROJECTES\SIM_BANK\app\src\main\java\com\bluemeth\simbank\src\ui\home\tabs\credit_cards_tab\add_credit_card\add_credit_card_forms\credit_card_form\FormCreditCardViewState.kt", "Kotlin", 0, 0, 0, 0, 8, 0, 0, 1, 9
"c:\Users\didac\OneDrive\Documentos\FP\CFGS\2nDAM\PROJECTES\SIM_BANK\app\src\main\java\com\bluemeth\simbank\src\ui\home\tabs\credit_cards_tab\add_credit_card\add_credit_card_forms\credit_card_form\model\FormCreditCard.kt", "Kotlin", 0, 0, 0, 0, 8, 0, 0, 2, 10
"c:\Users\didac\OneDrive\Documentos\FP\CFGS\2nDAM\PROJECTES\SIM_BANK\app\src\main\java\com\bluemeth\simbank\src\ui\home\tabs\credit_cards_tab\add_credit_card\add_credit_card_forms\debit_card_form\FormDebidCardFragment.kt", "Kotlin", 0, 0, 0, 0, 102, 0, 0, 17, 119
"c:\Users\didac\OneDrive\Documentos\FP\CFGS\2nDAM\PROJECTES\SIM_BANK\app\src\main\java\com\bluemeth\simbank\src\ui\home\tabs\credit_cards_tab\add_credit_card\add_credit_card_forms\debit_card_form\FormDebitCardViewModel.kt", "Kotlin", 0, 0, 0, 0, 77, 0, 0, 11, 88
"c:\Users\didac\OneDrive\Documentos\FP\CFGS\2nDAM\PROJECTES\SIM_BANK\app\src\main\java\com\bluemeth\simbank\src\ui\home\tabs\credit_cards_tab\add_credit_card\add_credit_card_forms\debit_card_form\FormDebitCardViewState.kt", "Kotlin", 0, 0, 0, 0, 7, 0, 0, 1, 8
"c:\Users\didac\OneDrive\Documentos\FP\CFGS\2nDAM\PROJECTES\SIM_BANK\app\src\main\java\com\bluemeth\simbank\src\ui\home\tabs\credit_cards_tab\add_credit_card\add_credit_card_forms\debit_card_form\model\FormDebitCard.kt", "Kotlin", 0, 0, 0, 0, 7, 0, 0, 1, 8
"c:\Users\didac\OneDrive\Documentos\FP\CFGS\2nDAM\PROJECTES\SIM_BANK\app\src\main\java\com\bluemeth\simbank\src\ui\home\tabs\credit_cards_tab\add_credit_card\add_credit_card_forms\prepaid_card_form\FormPrepaidCardFragment.kt", "Kotlin", 0, 0, 0, 0, 106, 0, 0, 21, 127
"c:\Users\didac\OneDrive\Documentos\FP\CFGS\2nDAM\PROJECTES\SIM_BANK\app\src\main\java\com\bluemeth\simbank\src\ui\home\tabs\credit_cards_tab\add_credit_card\add_credit_card_forms\prepaid_card_form\FormPrepaidCardViewModel.kt", "Kotlin", 0, 0, 0, 0, 80, 0, 0, 7, 87
"c:\Users\didac\OneDrive\Documentos\FP\CFGS\2nDAM\PROJECTES\SIM_BANK\app\src\main\java\com\bluemeth\simbank\src\ui\home\tabs\credit_cards_tab\add_credit_card\add_credit_card_forms\prepaid_card_form\FormPrepaidCardViewState.kt", "Kotlin", 0, 0, 0, 0, 8, 0, 0, 1, 9
"c:\Users\didac\OneDrive\Documentos\FP\CFGS\2nDAM\PROJECTES\SIM_BANK\app\src\main\java\com\bluemeth\simbank\src\ui\home\tabs\credit_cards_tab\add_credit_card\add_credit_card_forms\prepaid_card_form\model\FormPrepaidCard.kt", "Kotlin", 0, 0, 0, 0, 8, 0, 0, 1, 9
"c:\Users\didac\OneDrive\Documentos\FP\CFGS\2nDAM\PROJECTES\SIM_BANK\app\src\main\java\com\bluemeth\simbank\src\ui\home\tabs\credit_cards_tab\add_credit_card\model\CreditCardInfo.kt", "Kotlin", 0, 0, 0, 0, 9, 0, 0, 3, 12
"c:\Users\didac\OneDrive\Documentos\FP\CFGS\2nDAM\PROJECTES\SIM_BANK\app\src\main\java\com\bluemeth\simbank\src\ui\home\tabs\credit_cards_tab\info_card\InfoCardFragment.kt", "Kotlin", 0, 0, 0, 0, 109, 0, 0, 22, 131
"c:\Users\didac\OneDrive\Documentos\FP\CFGS\2nDAM\PROJECTES\SIM_BANK\app\src\main\java\com\bluemeth\simbank\src\ui\home\tabs\functions_tab\FunctionsFragment.kt", "Kotlin", 0, 0, 0, 0, 61, 0, 0, 22, 83
"c:\Users\didac\OneDrive\Documentos\FP\CFGS\2nDAM\PROJECTES\SIM_BANK\app\src\main\java\com\bluemeth\simbank\src\ui\home\tabs\functions_tab\FunctionsViewModel.kt", "Kotlin", 0, 0, 0, 0, 22, 0, 0, 5, 27
"c:\Users\didac\OneDrive\Documentos\FP\CFGS\2nDAM\PROJECTES\SIM_BANK\app\src\main\java\com\bluemeth\simbank\src\ui\home\tabs\functions_tab\bizum_function\BizumFragment.kt", "Kotlin", 0, 0, 0, 0, 149, 0, 0, 29, 178
"c:\Users\didac\OneDrive\Documentos\FP\CFGS\2nDAM\PROJECTES\SIM_BANK\app\src\main\java\com\bluemeth\simbank\src\ui\home\tabs\functions_tab\bizum_function\BizumHistoryRVAdapter.kt", "Kotlin", 0, 0, 0, 0, 86, 0, 0, 17, 103
"c:\Users\didac\OneDrive\Documentos\FP\CFGS\2nDAM\PROJECTES\SIM_BANK\app\src\main\java\com\bluemeth\simbank\src\ui\home\tabs\functions_tab\bizum_function\BizumViewModel.kt", "Kotlin", 0, 0, 0, 0, 24, 0, 0, 6, 30
"c:\Users\didac\OneDrive\Documentos\FP\CFGS\2nDAM\PROJECTES\SIM_BANK\app\src\main\java\com\bluemeth\simbank\src\ui\home\tabs\functions_tab\bizum_function\bizum_details\BizumDetailFragment.kt", "Kotlin", 0, 0, 0, 0, 125, 0, 0, 25, 150
"c:\Users\didac\OneDrive\Documentos\FP\CFGS\2nDAM\PROJECTES\SIM_BANK\app\src\main\java\com\bluemeth\simbank\src\ui\home\tabs\functions_tab\bizum_function\bizum_details\BizumDetailViewModel.kt", "Kotlin", 0, 0, 0, 0, 15, 0, 0, 4, 19
"c:\Users\didac\OneDrive\Documentos\FP\CFGS\2nDAM\PROJECTES\SIM_BANK\app\src\main\java\com\bluemeth\simbank\src\ui\home\tabs\functions_tab\bizum_function\bizum_form_function\AddressesRVAdapter.kt", "Kotlin", 0, 0, 0, 0, 76, 0, 0, 19, 95
"c:\Users\didac\OneDrive\Documentos\FP\CFGS\2nDAM\PROJECTES\SIM_BANK\app\src\main\java\com\bluemeth\simbank\src\ui\home\tabs\functions_tab\bizum_function\bizum_form_function\BizumFormFragment.kt", "Kotlin", 0, 0, 0, 0, 263, 0, 0, 48, 311
"c:\Users\didac\OneDrive\Documentos\FP\CFGS\2nDAM\PROJECTES\SIM_BANK\app\src\main\java\com\bluemeth\simbank\src\ui\home\tabs\functions_tab\bizum_function\bizum_form_function\BizumFormViewModel.kt", "Kotlin", 0, 0, 0, 0, 86, 0, 0, 22, 108
"c:\Users\didac\OneDrive\Documentos\FP\CFGS\2nDAM\PROJECTES\SIM_BANK\app\src\main\java\com\bluemeth\simbank\src\ui\home\tabs\functions_tab\bizum_function\bizum_form_function\BizumFormViewState.kt", "Kotlin", 0, 0, 0, 0, 8, 0, 0, 2, 10
"c:\Users\didac\OneDrive\Documentos\FP\CFGS\2nDAM\PROJECTES\SIM_BANK\app\src\main\java\com\bluemeth\simbank\src\ui\home\tabs\functions_tab\bizum_function\bizum_form_function\bizum_add_from_agenda\AddContactFromAgendaFragment.kt", "Kotlin", 0, 0, 0, 0, 162, 0, 0, 28, 190
"c:\Users\didac\OneDrive\Documentos\FP\CFGS\2nDAM\PROJECTES\SIM_BANK\app\src\main\java\com\bluemeth\simbank\src\ui\home\tabs\functions_tab\bizum_function\bizum_form_function\bizum_add_from_agenda\AddContactFromAgendaViewModel.kt", "Kotlin", 0, 0, 0, 0, 44, 0, 0, 11, 55
"c:\Users\didac\OneDrive\Documentos\FP\CFGS\2nDAM\PROJECTES\SIM_BANK\app\src\main\java\com\bluemeth\simbank\src\ui\home\tabs\functions_tab\bizum_function\bizum_form_function\bizum_add_from_agenda\AgendaRVAdapter.kt", "Kotlin", 0, 0, 0, 0, 75, 0, 1, 15, 91
"c:\Users\didac\OneDrive\Documentos\FP\CFGS\2nDAM\PROJECTES\SIM_BANK\app\src\main\java\com\bluemeth\simbank\src\ui\home\tabs\functions_tab\bizum_function\bizum_form_function\bizum_add_from_agenda\model\ContactAgenda.kt", "Kotlin", 0, 0, 0, 0, 6, 0, 0, 1, 7
"c:\Users\didac\OneDrive\Documentos\FP\CFGS\2nDAM\PROJECTES\SIM_BANK\app\src\main\java\com\bluemeth\simbank\src\ui\home\tabs\functions_tab\bizum_function\bizum_form_function\bizum_add_manually\AddContactManuallyFragment.kt", "Kotlin", 0, 0, 0, 0, 115, 0, 0, 22, 137
"c:\Users\didac\OneDrive\Documentos\FP\CFGS\2nDAM\PROJECTES\SIM_BANK\app\src\main\java\com\bluemeth\simbank\src\ui\home\tabs\functions_tab\bizum_function\bizum_form_function\bizum_add_manually\AddContactManuallyViewModel.kt", "Kotlin", 0, 0, 0, 0, 48, 0, 0, 14, 62
"c:\Users\didac\OneDrive\Documentos\FP\CFGS\2nDAM\PROJECTES\SIM_BANK\app\src\main\java\com\bluemeth\simbank\src\ui\home\tabs\functions_tab\bizum_function\bizum_form_function\bizum_add_manually\AddContactManuallyViewState.kt", "Kotlin", 0, 0, 0, 0, 7, 0, 0, 2, 9
"c:\Users\didac\OneDrive\Documentos\FP\CFGS\2nDAM\PROJECTES\SIM_BANK\app\src\main\java\com\bluemeth\simbank\src\ui\home\tabs\functions_tab\bizum_function\bizum_form_function\bizum_add_manually\model\ContactManually.kt", "Kotlin", 0, 0, 0, 0, 7, 0, 0, 2, 9
"c:\Users\didac\OneDrive\Documentos\FP\CFGS\2nDAM\PROJECTES\SIM_BANK\app\src\main\java\com\bluemeth\simbank\src\ui\home\tabs\functions_tab\bizum_function\bizum_form_function\bizum_resume_function\BizumResumeFragment.kt", "Kotlin", 0, 0, 0, 0, 257, 0, 62, 36, 355
"c:\Users\didac\OneDrive\Documentos\FP\CFGS\2nDAM\PROJECTES\SIM_BANK\app\src\main\java\com\bluemeth\simbank\src\ui\home\tabs\functions_tab\bizum_function\bizum_form_function\bizum_resume_function\BizumResumeViewModel.kt", "Kotlin", 0, 0, 0, 0, 59, 0, 0, 13, 72
"c:\Users\didac\OneDrive\Documentos\FP\CFGS\2nDAM\PROJECTES\SIM_BANK\app\src\main\java\com\bluemeth\simbank\src\ui\home\tabs\functions_tab\bizum_function\bizum_form_function\models\BizumFormModel.kt", "Kotlin", 0, 0, 0, 0, 8, 0, 0, 2, 10
"c:\Users\didac\OneDrive\Documentos\FP\CFGS\2nDAM\PROJECTES\SIM_BANK\app\src\main\java\com\bluemeth\simbank\src\ui\home\tabs\functions_tab\bizum_function\bizum_form_function\models\ContactBizum.kt", "Kotlin", 0, 0, 0, 0, 6, 0, 0, 2, 8
"c:\Users\didac\OneDrive\Documentos\FP\CFGS\2nDAM\PROJECTES\SIM_BANK\app\src\main\java\com\bluemeth\simbank\src\ui\home\tabs\functions_tab\promotions_function\PromotionsFeaturesRVAdapter.kt", "Kotlin", 0, 0, 0, 0, 51, 0, 0, 20, 71
"c:\Users\didac\OneDrive\Documentos\FP\CFGS\2nDAM\PROJECTES\SIM_BANK\app\src\main\java\com\bluemeth\simbank\src\ui\home\tabs\functions_tab\promotions_function\PromotionsFragment.kt", "Kotlin", 0, 0, 0, 0, 88, 0, 0, 25, 113
"c:\Users\didac\OneDrive\Documentos\FP\CFGS\2nDAM\PROJECTES\SIM_BANK\app\src\main\java\com\bluemeth\simbank\src\ui\home\tabs\functions_tab\promotions_function\PromotionsHeaderRVAdapter.kt", "Kotlin", 0, 0, 0, 0, 49, 0, 0, 20, 69
"c:\Users\didac\OneDrive\Documentos\FP\CFGS\2nDAM\PROJECTES\SIM_BANK\app\src\main\java\com\bluemeth\simbank\src\ui\home\tabs\functions_tab\promotions_function\models\PromotionsFeatures.kt", "Kotlin", 0, 0, 0, 0, 6, 0, 0, 1, 7
"c:\Users\didac\OneDrive\Documentos\FP\CFGS\2nDAM\PROJECTES\SIM_BANK\app\src\main\java\com\bluemeth\simbank\src\ui\home\tabs\functions_tab\promotions_function\models\PromotionsHeader.kt", "Kotlin", 0, 0, 0, 0, 5, 0, 0, 1, 6
"c:\Users\didac\OneDrive\Documentos\FP\CFGS\2nDAM\PROJECTES\SIM_BANK\app\src\main\java\com\bluemeth\simbank\src\ui\home\tabs\functions_tab\transfer_function\TransferFragment.kt", "Kotlin", 0, 0, 0, 0, 127, 0, 0, 32, 159
"c:\Users\didac\OneDrive\Documentos\FP\CFGS\2nDAM\PROJECTES\SIM_BANK\app\src\main\java\com\bluemeth\simbank\src\ui\home\tabs\functions_tab\transfer_function\TransferHistoryRVAdapter.kt", "Kotlin", 0, 0, 0, 0, 65, 0, 0, 13, 78
"c:\Users\didac\OneDrive\Documentos\FP\CFGS\2nDAM\PROJECTES\SIM_BANK\app\src\main\java\com\bluemeth\simbank\src\ui\home\tabs\functions_tab\transfer_function\transfer_form_function\TransferFormFragment.kt", "Kotlin", 0, 0, 0, 0, 211, 0, 1, 41, 253
"c:\Users\didac\OneDrive\Documentos\FP\CFGS\2nDAM\PROJECTES\SIM_BANK\app\src\main\java\com\bluemeth\simbank\src\ui\home\tabs\functions_tab\transfer_function\transfer_form_function\TransferFormViewModel.kt", "Kotlin", 0, 0, 0, 0, 71, 0, 0, 18, 89
"c:\Users\didac\OneDrive\Documentos\FP\CFGS\2nDAM\PROJECTES\SIM_BANK\app\src\main\java\com\bluemeth\simbank\src\ui\home\tabs\functions_tab\transfer_function\transfer_form_function\TransferFormViewState.kt", "Kotlin", 0, 0, 0, 0, 9, 0, 0, 2, 11
"c:\Users\didac\OneDrive\Documentos\FP\CFGS\2nDAM\PROJECTES\SIM_BANK\app\src\main\java\com\bluemeth\simbank\src\ui\home\tabs\functions_tab\transfer_function\transfer_form_function\models\TransferFormModel.kt", "Kotlin", 0, 0, 0, 0, 9, 0, 0, 1, 10
"c:\Users\didac\OneDrive\Documentos\FP\CFGS\2nDAM\PROJECTES\SIM_BANK\app\src\main\java\com\bluemeth\simbank\src\ui\home\tabs\functions_tab\transfer_function\transfer_form_function\resume_transfer_function\ResumeTransferFragment.kt", "Kotlin", 0, 0, 0, 0, 206, 0, 0, 31, 237
"c:\Users\didac\OneDrive\Documentos\FP\CFGS\2nDAM\PROJECTES\SIM_BANK\app\src\main\java\com\bluemeth\simbank\src\ui\home\tabs\functions_tab\transfer_function\transfer_form_function\resume_transfer_function\ResumeTransferViewModel.kt", "Kotlin", 0, 0, 0, 0, 58, 0, 0, 9, 67
"c:\Users\didac\OneDrive\Documentos\FP\CFGS\2nDAM\PROJECTES\SIM_BANK\app\src\main\java\com\bluemeth\simbank\src\ui\home\tabs\functions_tab\transfer_function\transfer_from_contacts\TransferFromContactFragment.kt", "Kotlin", 0, 0, 0, 0, 15, 0, 1, 2, 18
"c:\Users\didac\OneDrive\Documentos\FP\CFGS\2nDAM\PROJECTES\SIM_BANK\app\src\main\java\com\bluemeth\simbank\src\ui\home\tabs\home_tab\HomeFragment.kt", "Kotlin", 0, 0, 0, 0, 163, 0, 3, 35, 201
"c:\Users\didac\OneDrive\Documentos\FP\CFGS\2nDAM\PROJECTES\SIM_BANK\app\src\main\java\com\bluemeth\simbank\src\ui\home\tabs\home_tab\HomeTabViewModel.kt", "Kotlin", 0, 0, 0, 0, 10, 0, 0, 3, 13
"c:\Users\didac\OneDrive\Documentos\FP\CFGS\2nDAM\PROJECTES\SIM_BANK\app\src\main\java\com\bluemeth\simbank\src\ui\home\tabs\home_tab\HorizontalListRVAdapter.kt", "Kotlin", 0, 0, 0, 0, 51, 0, 1, 12, 64
"c:\Users\didac\OneDrive\Documentos\FP\CFGS\2nDAM\PROJECTES\SIM_BANK\app\src\main\java\com\bluemeth\simbank\src\ui\home\tabs\home_tab\MovementsRVAdapter.kt", "Kotlin", 0, 0, 0, 0, 74, 0, 0, 15, 89
"c:\Users\didac\OneDrive\Documentos\FP\CFGS\2nDAM\PROJECTES\SIM_BANK\app\src\main\java\com\bluemeth\simbank\src\ui\home\tabs\home_tab\account\AccountFragment.kt", "Kotlin", 0, 0, 0, 0, 151, 0, 0, 34, 185
"c:\Users\didac\OneDrive\Documentos\FP\CFGS\2nDAM\PROJECTES\SIM_BANK\app\src\main\java\com\bluemeth\simbank\src\ui\home\tabs\home_tab\account\AccountMovementsRVAdapter.kt", "Kotlin", 0, 0, 0, 0, 85, 0, 0, 16, 101
"c:\Users\didac\OneDrive\Documentos\FP\CFGS\2nDAM\PROJECTES\SIM_BANK\app\src\main\java\com\bluemeth\simbank\src\ui\home\tabs\home_tab\account\AccountViewModel.kt", "Kotlin", 0, 0, 0, 0, 9, 0, 0, 3, 12
"c:\Users\didac\OneDrive\Documentos\FP\CFGS\2nDAM\PROJECTES\SIM_BANK\app\src\main\java\com\bluemeth\simbank\src\ui\home\tabs\home_tab\account\account_movements_details\MovementsDetailsViewModel.kt", "Kotlin", 0, 0, 0, 0, 86, 0, 0, 18, 104
"c:\Users\didac\OneDrive\Documentos\FP\CFGS\2nDAM\PROJECTES\SIM_BANK\app\src\main\java\com\bluemeth\simbank\src\ui\home\tabs\home_tab\account\account_movements_details\account_bizum_details\BizumDetailAccountFragment.kt", "Kotlin", 0, 0, 0, 0, 125, 0, 0, 30, 155
"c:\Users\didac\OneDrive\Documentos\FP\CFGS\2nDAM\PROJECTES\SIM_BANK\app\src\main\java\com\bluemeth\simbank\src\ui\home\tabs\home_tab\account\account_movements_details\account_transfer_details\TransferDetailAccountFragment.kt", "Kotlin", 0, 0, 0, 0, 122, 0, 0, 29, 151
"c:\Users\didac\OneDrive\Documentos\FP\CFGS\2nDAM\PROJECTES\SIM_BANK\app\src\main\java\com\bluemeth\simbank\src\ui\home\tabs\home_tab\account\info_account\InfoAccountFragment.kt", "Kotlin", 0, 0, 0, 0, 136, 0, 0, 32, 168
"c:\Users\didac\OneDrive\Documentos\FP\CFGS\2nDAM\PROJECTES\SIM_BANK\app\src\main\java\com\bluemeth\simbank\src\ui\home\tabs\home_tab\account\info_account\InfoAccountViewModel.kt", "Kotlin", 0, 0, 0, 0, 38, 0, 0, 7, 45
"c:\Users\didac\OneDrive\Documentos\FP\CFGS\2nDAM\PROJECTES\SIM_BANK\app\src\main\java\com\bluemeth\simbank\src\ui\home\tabs\home_tab\account\search_movements_account\SearchMovementsFragment.kt", "Kotlin", 0, 0, 0, 0, 201, 0, 0, 30, 231
"c:\Users\didac\OneDrive\Documentos\FP\CFGS\2nDAM\PROJECTES\SIM_BANK\app\src\main\java\com\bluemeth\simbank\src\ui\home\tabs\home_tab\account\search_movements_account\SearchMovementsViewModel.kt", "Kotlin", 0, 0, 0, 0, 37, 0, 0, 10, 47
"c:\Users\didac\OneDrive\Documentos\FP\CFGS\2nDAM\PROJECTES\SIM_BANK\app\src\main\java\com\bluemeth\simbank\src\ui\home\tabs\home_tab\account\search_movements_account\SearchMovementsViewState.kt", "Kotlin", 0, 0, 0, 0, 7, 0, 0, 2, 9
"c:\Users\didac\OneDrive\Documentos\FP\CFGS\2nDAM\PROJECTES\SIM_BANK\app\src\main\java\com\bluemeth\simbank\src\ui\home\tabs\home_tab\account\search_movements_account\account_movements_filtered\MovementsFilteredListFragment.kt", "Kotlin", 0, 0, 0, 0, 166, 0, 0, 33, 199
"c:\Users\didac\OneDrive\Documentos\FP\CFGS\2nDAM\PROJECTES\SIM_BANK\app\src\main\java\com\bluemeth\simbank\src\ui\home\tabs\home_tab\account\search_movements_account\account_movements_filtered\MovementsFilteredListViewModel.kt", "Kotlin", 0, 0, 0, 0, 15, 0, 0, 4, 19
"c:\Users\didac\OneDrive\Documentos\FP\CFGS\2nDAM\PROJECTES\SIM_BANK\app\src\main\java\com\bluemeth\simbank\src\ui\home\tabs\home_tab\account\search_movements_account\model\SearchImportsModel.kt", "Kotlin", 0, 0, 0, 0, 6, 0, 0, 1, 7
"c:\Users\didac\OneDrive\Documentos\FP\CFGS\2nDAM\PROJECTES\SIM_BANK\app\src\main\java\com\bluemeth\simbank\src\ui\home\tabs\home_tab\account\search_movements_account\model\SearchMovementsModel.kt", "Kotlin", 0, 0, 0, 0, 10, 0, 0, 3, 13
"c:\Users\didac\OneDrive\Documentos\FP\CFGS\2nDAM\PROJECTES\SIM_BANK\app\src\main\java\com\bluemeth\simbank\src\ui\home\tabs\home_tab\account\search_movements_account\model\SearchMovementsType.kt", "Kotlin", 0, 0, 0, 0, 4, 0, 0, 1, 5
"c:\Users\didac\OneDrive\Documentos\FP\CFGS\2nDAM\PROJECTES\SIM_BANK\app\src\main\java\com\bluemeth\simbank\src\ui\home\tabs\home_tab\model\HomeHeader.kt", "Kotlin", 0, 0, 0, 0, 5, 0, 0, 2, 7
"c:\Users\didac\OneDrive\Documentos\FP\CFGS\2nDAM\PROJECTES\SIM_BANK\app\src\main\java\com\bluemeth\simbank\src\ui\home\tabs\profile_tab\ProfileFragment.kt", "Kotlin", 0, 0, 0, 0, 132, 0, 78, 24, 234
"c:\Users\didac\OneDrive\Documentos\FP\CFGS\2nDAM\PROJECTES\SIM_BANK\app\src\main\java\com\bluemeth\simbank\src\ui\home\tabs\profile_tab\ProfileViewModel.kt", "Kotlin", 0, 0, 0, 0, 85, 0, 0, 17, 102
"c:\Users\didac\OneDrive\Documentos\FP\CFGS\2nDAM\PROJECTES\SIM_BANK\app\src\main\java\com\bluemeth\simbank\src\ui\home\tabs\profile_tab\update_personal_data\update_email\UpdateEmailFragment.kt", "Kotlin", 0, 0, 0, 0, 123, 0, 0, 25, 148
"c:\Users\didac\OneDrive\Documentos\FP\CFGS\2nDAM\PROJECTES\SIM_BANK\app\src\main\java\com\bluemeth\simbank\src\ui\home\tabs\profile_tab\update_personal_data\update_email\UpdateEmailViewModel.kt", "Kotlin", 0, 0, 0, 0, 69, 0, 0, 14, 83
"c:\Users\didac\OneDrive\Documentos\FP\CFGS\2nDAM\PROJECTES\SIM_BANK\app\src\main\java\com\bluemeth\simbank\src\ui\home\tabs\profile_tab\update_personal_data\update_email\UpdateEmailViewState.kt", "Kotlin", 0, 0, 0, 0, 7, 0, 0, 3, 10
"c:\Users\didac\OneDrive\Documentos\FP\CFGS\2nDAM\PROJECTES\SIM_BANK\app\src\main\java\com\bluemeth\simbank\src\ui\home\tabs\profile_tab\update_personal_data\update_email\model\UserEmailUpdate.kt", "Kotlin", 0, 0, 0, 0, 8, 0, 0, 2, 10
"c:\Users\didac\OneDrive\Documentos\FP\CFGS\2nDAM\PROJECTES\SIM_BANK\app\src\main\java\com\bluemeth\simbank\src\ui\home\tabs\profile_tab\update_personal_data\update_name\UpdateNameFragment.kt", "Kotlin", 0, 0, 0, 0, 115, 0, 0, 25, 140
"c:\Users\didac\OneDrive\Documentos\FP\CFGS\2nDAM\PROJECTES\SIM_BANK\app\src\main\java\com\bluemeth\simbank\src\ui\home\tabs\profile_tab\update_personal_data\update_name\UpdateNameViewModel.kt", "Kotlin", 0, 0, 0, 0, 54, 0, 0, 13, 67
"c:\Users\didac\OneDrive\Documentos\FP\CFGS\2nDAM\PROJECTES\SIM_BANK\app\src\main\java\com\bluemeth\simbank\src\ui\home\tabs\profile_tab\update_personal_data\update_name\UpdateNameViewState.kt", "Kotlin", 0, 0, 0, 0, 8, 0, 0, 3, 11
"c:\Users\didac\OneDrive\Documentos\FP\CFGS\2nDAM\PROJECTES\SIM_BANK\app\src\main\java\com\bluemeth\simbank\src\ui\home\tabs\profile_tab\update_personal_data\update_name\model\UserNameUpdate.kt", "Kotlin", 0, 0, 0, 0, 9, 0, 0, 2, 11
"c:\Users\didac\OneDrive\Documentos\FP\CFGS\2nDAM\PROJECTES\SIM_BANK\app\src\main\java\com\bluemeth\simbank\src\ui\home\tabs\profile_tab\update_personal_data\update_password\UpdatePasswordFragment.kt", "Kotlin", 0, 0, 0, 0, 148, 0, 0, 32, 180
"c:\Users\didac\OneDrive\Documentos\FP\CFGS\2nDAM\PROJECTES\SIM_BANK\app\src\main\java\com\bluemeth\simbank\src\ui\home\tabs\profile_tab\update_personal_data\update_password\UpdatePasswordViewModel.kt", "Kotlin", 0, 0, 0, 0, 84, 0, 0, 18, 102
"c:\Users\didac\OneDrive\Documentos\FP\CFGS\2nDAM\PROJECTES\SIM_BANK\app\src\main\java\com\bluemeth\simbank\src\ui\home\tabs\profile_tab\update_personal_data\update_password\UpdatePasswordViewState.kt", "Kotlin", 0, 0, 0, 0, 7, 0, 0, 3, 10
"c:\Users\didac\OneDrive\Documentos\FP\CFGS\2nDAM\PROJECTES\SIM_BANK\app\src\main\java\com\bluemeth\simbank\src\ui\home\tabs\profile_tab\update_personal_data\update_password\model\UserPasswordUpdate.kt", "Kotlin", 0, 0, 0, 0, 8, 0, 0, 2, 10
"c:\Users\didac\OneDrive\Documentos\FP\CFGS\2nDAM\PROJECTES\SIM_BANK\app\src\main\java\com\bluemeth\simbank\src\ui\home\tabs\profile_tab\update_personal_data\update_phone\UpdatePhoneFragment.kt", "Kotlin", 0, 0, 0, 0, 94, 0, 0, 21, 115
"c:\Users\didac\OneDrive\Documentos\FP\CFGS\2nDAM\PROJECTES\SIM_BANK\app\src\main\java\com\bluemeth\simbank\src\ui\home\tabs\profile_tab\update_personal_data\update_phone\UpdatePhoneViewModel.kt", "Kotlin", 0, 0, 0, 0, 45, 0, 0, 12, 57
"c:\Users\didac\OneDrive\Documentos\FP\CFGS\2nDAM\PROJECTES\SIM_BANK\app\src\main\java\com\bluemeth\simbank\src\ui\home\tabs\profile_tab\update_personal_data\update_phone\UpdatePhoneViewState.kt", "Kotlin", 0, 0, 0, 0, 6, 0, 0, 2, 8
"c:\Users\didac\OneDrive\Documentos\FP\CFGS\2nDAM\PROJECTES\SIM_BANK\app\src\main\java\com\bluemeth\simbank\src\ui\home\tabs\profile_tab\user_missions\UserMissionsFragment.kt", "Kotlin", 0, 0, 0, 0, 75, 0, 0, 19, 94
"c:\Users\didac\OneDrive\Documentos\FP\CFGS\2nDAM\PROJECTES\SIM_BANK\app\src\main\java\com\bluemeth\simbank\src\ui\home\tabs\profile_tab\user_missions\UserMissionsRVAdapter.kt", "Kotlin", 0, 0, 0, 0, 54, 0, 0, 14, 68
"c:\Users\didac\OneDrive\Documentos\FP\CFGS\2nDAM\PROJECTES\SIM_BANK\app\src\main\java\com\bluemeth\simbank\src\ui\home\tabs\profile_tab\user_missions\UserMissionsViewModel.kt", "Kotlin", 0, 0, 0, 0, 17, 0, 0, 5, 22
"c:\Users\didac\OneDrive\Documentos\FP\CFGS\2nDAM\PROJECTES\SIM_BANK\app\src\main\java\com\bluemeth\simbank\src\ui\splash\SplashActivity.kt", "Kotlin", 0, 0, 0, 0, 49, 0, 1, 11, 61
"c:\Users\didac\OneDrive\Documentos\FP\CFGS\2nDAM\PROJECTES\SIM_BANK\app\src\main\java\com\bluemeth\simbank\src\ui\splash\SplashViewModel.kt", "Kotlin", 0, 0, 0, 0, 33, 0, 0, 4, 37
"c:\Users\didac\OneDrive\Documentos\FP\CFGS\2nDAM\PROJECTES\SIM_BANK\app\src\main\java\com\bluemeth\simbank\src\ui\steps\StepsActivity.kt", "Kotlin", 0, 0, 0, 0, 74, 0, 1, 17, 92
"c:\Users\didac\OneDrive\Documentos\FP\CFGS\2nDAM\PROJECTES\SIM_BANK\app\src\main\java\com\bluemeth\simbank\src\ui\steps\ViewPagerAdapter.kt", "Kotlin", 0, 0, 0, 0, 23, 0, 1, 4, 28
"c:\Users\didac\OneDrive\Documentos\FP\CFGS\2nDAM\PROJECTES\SIM_BANK\app\src\main\java\com\bluemeth\simbank\src\ui\steps\complete_register\CompleteRegisterActivity.kt", "Kotlin", 0, 0, 0, 0, 130, 0, 0, 22, 152
"c:\Users\didac\OneDrive\Documentos\FP\CFGS\2nDAM\PROJECTES\SIM_BANK\app\src\main\java\com\bluemeth\simbank\src\ui\steps\complete_register\CompleteRegisterViewModel.kt", "Kotlin", 0, 0, 0, 0, 72, 0, 0, 16, 88
"c:\Users\didac\OneDrive\Documentos\FP\CFGS\2nDAM\PROJECTES\SIM_BANK\app\src\main\java\com\bluemeth\simbank\src\ui\steps\complete_register\UserCompleteRegisterViewState.kt", "Kotlin", 0, 0, 0, 0, 9, 0, 0, 4, 13
"c:\Users\didac\OneDrive\Documentos\FP\CFGS\2nDAM\PROJECTES\SIM_BANK\app\src\main\java\com\bluemeth\simbank\src\ui\steps\complete_register\model\UserCompleteRegister.kt", "Kotlin", 0, 0, 0, 0, 10, 0, 0, 2, 12
"c:\Users\didac\OneDrive\Documentos\FP\CFGS\2nDAM\PROJECTES\SIM_BANK\app\src\main\java\com\bluemeth\simbank\src\ui\steps\step1\Step1Fragment.kt", "Kotlin", 0, 0, 0, 0, 21, 0, 1, 5, 27
"c:\Users\didac\OneDrive\Documentos\FP\CFGS\2nDAM\PROJECTES\SIM_BANK\app\src\main\java\com\bluemeth\simbank\src\ui\steps\step2\Step2Fragment.kt", "Kotlin", 0, 0, 0, 0, 160, 0, 0, 28, 188
"c:\Users\didac\OneDrive\Documentos\FP\CFGS\2nDAM\PROJECTES\SIM_BANK\app\src\main\java\com\bluemeth\simbank\src\ui\steps\step2\Step2ViewModel.kt", "Kotlin", 0, 0, 0, 0, 27, 0, 0, 8, 35
"c:\Users\didac\OneDrive\Documentos\FP\CFGS\2nDAM\PROJECTES\SIM_BANK\app\src\main\java\com\bluemeth\simbank\src\ui\steps\step2\Step2ViewState.kt", "Kotlin", 0, 0, 0, 0, 8, 0, 0, 3, 11
"c:\Users\didac\OneDrive\Documentos\FP\CFGS\2nDAM\PROJECTES\SIM_BANK\app\src\main\java\com\bluemeth\simbank\src\ui\steps\step2\model\Step2Model.kt", "Kotlin", 0, 0, 0, 0, 8, 0, 0, 2, 10
"c:\Users\didac\OneDrive\Documentos\FP\CFGS\2nDAM\PROJECTES\SIM_BANK\app\src\main\java\com\bluemeth\simbank\src\ui\steps\step3\Step3Fragment.kt", "Kotlin", 0, 0, 0, 0, 133, 0, 0, 29, 162
"c:\Users\didac\OneDrive\Documentos\FP\CFGS\2nDAM\PROJECTES\SIM_BANK\app\src\main\java\com\bluemeth\simbank\src\ui\steps\step3\Step3ViewModel.kt", "Kotlin", 0, 0, 0, 0, 28, 0, 0, 9, 37
"c:\Users\didac\OneDrive\Documentos\FP\CFGS\2nDAM\PROJECTES\SIM_BANK\app\src\main\java\com\bluemeth\simbank\src\ui\steps\step3\Step3ViewState.kt", "Kotlin", 0, 0, 0, 0, 8, 0, 0, 2, 10
"c:\Users\didac\OneDrive\Documentos\FP\CFGS\2nDAM\PROJECTES\SIM_BANK\app\src\main\java\com\bluemeth\simbank\src\ui\steps\step3\model\Step3Model.kt", "Kotlin", 0, 0, 0, 0, 8, 0, 0, 2, 10
"c:\Users\didac\OneDrive\Documentos\FP\CFGS\2nDAM\PROJECTES\SIM_BANK\app\src\main\java\com\bluemeth\simbank\src\ui\steps\step4\Step4Fragment.kt", "Kotlin", 0, 0, 0, 0, 40, 0, 0, 9, 49
"c:\Users\didac\OneDrive\Documentos\FP\CFGS\2nDAM\PROJECTES\SIM_BANK\app\src\main\java\com\bluemeth\simbank\src\ui\steps\step4\Step4ViewModel.kt", "Kotlin", 0, 0, 0, 0, 39, 0, 0, 8, 47
"c:\Users\didac\OneDrive\Documentos\FP\CFGS\2nDAM\PROJECTES\SIM_BANK\app\src\main\java\com\bluemeth\simbank\src\ui\welcome\WelcomeActivity.kt", "Kotlin", 0, 0, 0, 0, 47, 0, 0, 16, 63
"c:\Users\didac\OneDrive\Documentos\FP\CFGS\2nDAM\PROJECTES\SIM_BANK\app\src\main\java\com\bluemeth\simbank\src\ui\welcome\WelcomeViewModel.kt", "Kotlin", 0, 0, 0, 0, 19, 0, 0, 7, 26
"c:\Users\didac\OneDrive\Documentos\FP\CFGS\2nDAM\PROJECTES\SIM_BANK\app\src\main\java\com\bluemeth\simbank\src\utils\Constants.kt", "Kotlin", 0, 0, 0, 0, 8, 0, 0, 5, 13
"c:\Users\didac\OneDrive\Documentos\FP\CFGS\2nDAM\PROJECTES\SIM_BANK\app\src\main\java\com\bluemeth\simbank\src\utils\Methods.kt", "Kotlin", 0, 0, 0, 0, 269, 0, 0, 81, 350
"c:\Users\didac\OneDrive\Documentos\FP\CFGS\2nDAM\PROJECTES\SIM_BANK\app\src\main\res\drawable-v24\ic_launcher_foreground.xml", "XML", 0, 0, 0, 30, 0, 0, 0, 0, 30
"c:\Users\didac\OneDrive\Documentos\FP\CFGS\2nDAM\PROJECTES\SIM_BANK\app\src\main\res\drawable\add.xml", "XML", 0, 0, 0, 10, 0, 0, 0, 1, 11
"c:\Users\didac\OneDrive\Documentos\FP\CFGS\2nDAM\PROJECTES\SIM_BANK\app\src\main\res\drawable\arrow_home.xml", "XML", 0, 0, 0, 5, 0, 0, 0, 1, 6
"c:\Users\didac\OneDrive\Documentos\FP\CFGS\2nDAM\PROJECTES\SIM_BANK\app\src\main\res\drawable\arrow_lose.xml", "XML", 0, 0, 0, 5, 0, 0, 0, 1, 6
"c:\Users\didac\OneDrive\Documentos\FP\CFGS\2nDAM\PROJECTES\SIM_BANK\app\src\main\res\drawable\arrow_win.xml", "XML", 0, 0, 0, 5, 0, 0, 0, 1, 6
"c:\Users\didac\OneDrive\Documentos\FP\CFGS\2nDAM\PROJECTES\SIM_BANK\app\src\main\res\drawable\baseline_arrow_right_24.xml", "XML", 0, 0, 0, 5, 0, 0, 0, 1, 6
"c:\Users\didac\OneDrive\Documentos\FP\CFGS\2nDAM\PROJECTES\SIM_BANK\app\src\main\res\drawable\baseline_description_24.xml", "XML", 0, 0, 0, 5, 0, 0, 0, 1, 6
"c:\Users\didac\OneDrive\Documentos\FP\CFGS\2nDAM\PROJECTES\SIM_BANK\app\src\main\res\drawable\baseline_logout_24.xml", "XML", 0, 0, 0, 5, 0, 0, 0, 1, 6
"c:\Users\didac\OneDrive\Documentos\FP\CFGS\2nDAM\PROJECTES\SIM_BANK\app\src\main\res\drawable\baseline_person_24.xml", "XML", 0, 0, 0, 5, 0, 0, 0, 1, 6
"c:\Users\didac\OneDrive\Documentos\FP\CFGS\2nDAM\PROJECTES\SIM_BANK\app\src\main\res\drawable\baseline_settings_24.xml", "XML", 0, 0, 0, 5, 0, 0, 0, 1, 6
"c:\Users\didac\OneDrive\Documentos\FP\CFGS\2nDAM\PROJECTES\SIM_BANK\app\src\main\res\drawable\circle.xml", "XML", 0, 0, 0, 8, 0, 0, 0, 2, 10
"c:\Users\didac\OneDrive\Documentos\FP\CFGS\2nDAM\PROJECTES\SIM_BANK\app\src\main\res\drawable\circle_destiny.xml", "XML", 0, 0, 0, 5, 0, 0, 0, 1, 6
"c:\Users\didac\OneDrive\Documentos\FP\CFGS\2nDAM\PROJECTES\SIM_BANK\app\src\main\res\drawable\ic_baseline_account_circle_24.xml", "XML", 0, 0, 0, 5, 0, 0, 0, 1, 6
"c:\Users\didac\OneDrive\Documentos\FP\CFGS\2nDAM\PROJECTES\SIM_BANK\app\src\main\res\drawable\ic_baseline_home_24.xml", "XML", 0, 0, 0, 5, 0, 0, 0, 1, 6
"c:\Users\didac\OneDrive\Documentos\FP\CFGS\2nDAM\PROJECTES\SIM_BANK\app\src\main\res\drawable\ic_baseline_menu_24.xml", "XML", 0, 0, 0, 5, 0, 0, 0, 1, 6
"c:\Users\didac\OneDrive\Documentos\FP\CFGS\2nDAM\PROJECTES\SIM_BANK\app\src\main\res\drawable\ic_baseline_payment_24.xml", "XML", 0, 0, 0, 5, 0, 0, 0, 1, 6
"c:\Users\didac\OneDrive\Documentos\FP\CFGS\2nDAM\PROJECTES\SIM_BANK\app\src\main\res\drawable\ic_baseline_person_24.xml", "XML", 0, 0, 0, 5, 0, 0, 0, 1, 6
"c:\Users\didac\OneDrive\Documentos\FP\CFGS\2nDAM\PROJECTES\SIM_BANK\app\src\main\res\drawable\ic_blue_circle.xml", "XML", 0, 0, 0, 5, 0, 0, 0, 1, 6
"c:\Users\didac\OneDrive\Documentos\FP\CFGS\2nDAM\PROJECTES\SIM_BANK\app\src\main\res\drawable\ic_calendar.xml", "XML", 0, 0, 0, 5, 0, 0, 0, 1, 6
"c:\Users\didac\OneDrive\Documentos\FP\CFGS\2nDAM\PROJECTES\SIM_BANK\app\src\main\res\drawable\ic_copy.xml", "XML", 0, 0, 0, 5, 0, 0, 0, 1, 6
"c:\Users\didac\OneDrive\Documentos\FP\CFGS\2nDAM\PROJECTES\SIM_BANK\app\src\main\res\drawable\ic_delete.xml", "XML", 0, 0, 0, 5, 0, 0, 0, 1, 6
"c:\Users\didac\OneDrive\Documentos\FP\CFGS\2nDAM\PROJECTES\SIM_BANK\app\src\main\res\drawable\ic_launcher_background.xml", "XML", 0, 0, 0, 170, 0, 0, 0, 1, 171
"c:\Users\didac\OneDrive\Documentos\FP\CFGS\2nDAM\PROJECTES\SIM_BANK\app\src\main\res\drawable\ic_maximize.xml", "XML", 0, 0, 0, 5, 0, 0, 0, 1, 6
"c:\Users\didac\OneDrive\Documentos\FP\CFGS\2nDAM\PROJECTES\SIM_BANK\app\src\main\res\drawable\ic_search.xml", "XML", 0, 0, 0, 5, 0, 0, 0, 1, 6
"c:\Users\didac\OneDrive\Documentos\FP\CFGS\2nDAM\PROJECTES\SIM_BANK\app\src\main\res\drawable\icon_edit.xml", "XML", 0, 0, 0, 5, 0, 0, 0, 1, 6
"c:\Users\didac\OneDrive\Documentos\FP\CFGS\2nDAM\PROJECTES\SIM_BANK\app\src\main\res\drawable\info_icon.xml", "XML", 0, 0, 0, 9, 0, 0, 0, 1, 10
"c:\Users\didac\OneDrive\Documentos\FP\CFGS\2nDAM\PROJECTES\SIM_BANK\app\src\main\res\drawable\info_icon_white.xml", "XML", 0, 0, 0, 9, 0, 0, 0, 0, 9
"c:\Users\didac\OneDrive\Documentos\FP\CFGS\2nDAM\PROJECTES\SIM_BANK\app\src\main\res\drawable\notification_icon_bank.xml", "XML", 0, 0, 0, 22, 0, 0, 0, 1, 23
"c:\Users\didac\OneDrive\Documentos\FP\CFGS\2nDAM\PROJECTES\SIM_BANK\app\src\main\res\drawable\on_click_effect.xml", "XML", 0, 0, 0, 11, 0, 0, 1, 0, 12
"c:\Users\didac\OneDrive\Documentos\FP\CFGS\2nDAM\PROJECTES\SIM_BANK\app\src\main\res\drawable\rounded_edittext.xml", "XML", 0, 0, 0, 8, 0, 0, 0, 1, 9
"c:\Users\didac\OneDrive\Documentos\FP\CFGS\2nDAM\PROJECTES\SIM_BANK\app\src\main\res\drawable\settings_icon.xml", "XML", 0, 0, 0, 5, 0, 0, 0, 1, 6
"c:\Users\didac\OneDrive\Documentos\FP\CFGS\2nDAM\PROJECTES\SIM_BANK\app\src\main\res\drawable\splash_background.xml", "XML", 0, 0, 0, 13, 0, 0, 0, 3, 16
"c:\Users\didac\OneDrive\Documentos\FP\CFGS\2nDAM\PROJECTES\SIM_BANK\app\src\main\res\layout\activity_complete_register.xml", "XML", 0, 0, 0, 110, 0, 0, 0, 13, 123
"c:\Users\didac\OneDrive\Documentos\FP\CFGS\2nDAM\PROJECTES\SIM_BANK\app\src\main\res\layout\activity_forgot_password.xml", "XML", 0, 0, 0, 62, 0, 0, 0, 7, 69
"c:\Users\didac\OneDrive\Documentos\FP\CFGS\2nDAM\PROJECTES\SIM_BANK\app\src\main\res\layout\activity_home.xml", "XML", 0, 0, 0, 87, 0, 0, 0, 15, 102
"c:\Users\didac\OneDrive\Documentos\FP\CFGS\2nDAM\PROJECTES\SIM_BANK\app\src\main\res\layout\activity_login.xml", "XML", 0, 0, 0, 139, 0, 0, 0, 19, 158
"c:\Users\didac\OneDrive\Documentos\FP\CFGS\2nDAM\PROJECTES\SIM_BANK\app\src\main\res\layout\activity_register.xml", "XML", 0, 0, 0, 184, 0, 0, 0, 19, 203
"c:\Users\didac\OneDrive\Documentos\FP\CFGS\2nDAM\PROJECTES\SIM_BANK\app\src\main\res\layout\activity_splash.xml", "XML", 0, 0, 0, 8, 0, 0, 0, 1, 9
"c:\Users\didac\OneDrive\Documentos\FP\CFGS\2nDAM\PROJECTES\SIM_BANK\app\src\main\res\layout\activity_steps.xml", "XML", 0, 0, 0, 59, 0, 0, 0, 10, 69
"c:\Users\didac\OneDrive\Documentos\FP\CFGS\2nDAM\PROJECTES\SIM_BANK\app\src\main\res\layout\activity_verification.xml", "XML", 0, 0, 0, 49, 0, 0, 0, 7, 56
"c:\Users\didac\OneDrive\Documentos\FP\CFGS\2nDAM\PROJECTES\SIM_BANK\app\src\main\res\layout\activity_welcome.xml", "XML", 0, 0, 0, 40, 0, 0, 0, 3, 43
"c:\Users\didac\OneDrive\Documentos\FP\CFGS\2nDAM\PROJECTES\SIM_BANK\app\src\main\res\layout\dialog_error.xml", "XML", 0, 0, 0, 48, 0, 0, 0, 8, 56
"c:\Users\didac\OneDrive\Documentos\FP\CFGS\2nDAM\PROJECTES\SIM_BANK\app\src\main\res\layout\dialog_participate.xml", "XML", 0, 0, 0, 74, 0, 0, 0, 9, 83
"c:\Users\didac\OneDrive\Documentos\FP\CFGS\2nDAM\PROJECTES\SIM_BANK\app\src\main\res\layout\dialog_question.xml", "XML", 0, 0, 0, 61, 0, 0, 0, 8, 69
"c:\Users\didac\OneDrive\Documentos\FP\CFGS\2nDAM\PROJECTES\SIM_BANK\app\src\main\res\layout\dialog_success.xml", "XML", 0, 0, 0, 38, 0, 0, 0, 6, 44
"c:\Users\didac\OneDrive\Documentos\FP\CFGS\2nDAM\PROJECTES\SIM_BANK\app\src\main\res\layout\drawer_header.xml", "XML", 0, 0, 0, 24, 0, 0, 0, 4, 28
"c:\Users\didac\OneDrive\Documentos\FP\CFGS\2nDAM\PROJECTES\SIM_BANK\app\src\main\res\layout\fragment_account.xml", "XML", 0, 0, 0, 248, 0, 0, 0, 36, 284
"c:\Users\didac\OneDrive\Documentos\FP\CFGS\2nDAM\PROJECTES\SIM_BANK\app\src\main\res\layout\fragment_add_contact.xml", "XML", 0, 0, 0, 76, 0, 0, 0, 16, 92
"c:\Users\didac\OneDrive\Documentos\FP\CFGS\2nDAM\PROJECTES\SIM_BANK\app\src\main\res\layout\fragment_add_contact_from_agenda.xml", "XML", 0, 0, 0, 99, 0, 0, 0, 24, 123
"c:\Users\didac\OneDrive\Documentos\FP\CFGS\2nDAM\PROJECTES\SIM_BANK\app\src\main\res\layout\fragment_add_contact_manually.xml", "XML", 0, 0, 0, 53, 0, 0, 0, 6, 59
"c:\Users\didac\OneDrive\Documentos\FP\CFGS\2nDAM\PROJECTES\SIM_BANK\app\src\main\res\layout\fragment_add_credit_card.xml", "XML", 0, 0, 0, 45, 0, 0, 0, 6, 51
"c:\Users\didac\OneDrive\Documentos\FP\CFGS\2nDAM\PROJECTES\SIM_BANK\app\src\main\res\layout\fragment_bizum.xml", "XML", 0, 0, 0, 131, 0, 0, 0, 25, 156
"c:\Users\didac\OneDrive\Documentos\FP\CFGS\2nDAM\PROJECTES\SIM_BANK\app\src\main\res\layout\fragment_bizum_detail.xml", "XML", 0, 0, 0, 270, 0, 0, 0, 36, 306
"c:\Users\didac\OneDrive\Documentos\FP\CFGS\2nDAM\PROJECTES\SIM_BANK\app\src\main\res\layout\fragment_bizum_detail_account.xml", "XML", 0, 0, 0, 251, 0, 0, 0, 35, 286
"c:\Users\didac\OneDrive\Documentos\FP\CFGS\2nDAM\PROJECTES\SIM_BANK\app\src\main\res\layout\fragment_bizum_form.xml", "XML", 0, 0, 0, 260, 0, 0, 0, 48, 308
"c:\Users\didac\OneDrive\Documentos\FP\CFGS\2nDAM\PROJECTES\SIM_BANK\app\src\main\res\layout\fragment_bizum_resume.xml", "XML", 0, 0, 0, 195, 0, 0, 0, 23, 218
"c:\Users\didac\OneDrive\Documentos\FP\CFGS\2nDAM\PROJECTES\SIM_BANK\app\src\main\res\layout\fragment_contact_request_detail.xml", "XML", 0, 0, 0, 73, 0, 0, 0, 13, 86
"c:\Users\didac\OneDrive\Documentos\FP\CFGS\2nDAM\PROJECTES\SIM_BANK\app\src\main\res\layout\fragment_contacts.xml", "XML", 0, 0, 0, 108, 0, 0, 0, 23, 131
"c:\Users\didac\OneDrive\Documentos\FP\CFGS\2nDAM\PROJECTES\SIM_BANK\app\src\main\res\layout\fragment_credit_card.xml", "XML", 0, 0, 0, 94, 0, 0, 0, 17, 111
"c:\Users\didac\OneDrive\Documentos\FP\CFGS\2nDAM\PROJECTES\SIM_BANK\app\src\main\res\layout\fragment_form_credit_card.xml", "XML", 0, 0, 0, 148, 0, 0, 0, 20, 168
"c:\Users\didac\OneDrive\Documentos\FP\CFGS\2nDAM\PROJECTES\SIM_BANK\app\src\main\res\layout\fragment_form_debid_card.xml", "XML", 0, 0, 0, 114, 0, 0, 0, 15, 129
"c:\Users\didac\OneDrive\Documentos\FP\CFGS\2nDAM\PROJECTES\SIM_BANK\app\src\main\res\layout\fragment_form_prepaid_card.xml", "XML", 0, 0, 0, 149, 0, 0, 0, 21, 170
"c:\Users\didac\OneDrive\Documentos\FP\CFGS\2nDAM\PROJECTES\SIM_BANK\app\src\main\res\layout\fragment_form_transfer.xml", "XML", 0, 0, 0, 387, 0, 0, 0, 47, 434
"c:\Users\didac\OneDrive\Documentos\FP\CFGS\2nDAM\PROJECTES\SIM_BANK\app\src\main\res\layout\fragment_functions.xml", "XML", 0, 0, 0, 219, 0, 0, 0, 48, 267
"c:\Users\didac\OneDrive\Documentos\FP\CFGS\2nDAM\PROJECTES\SIM_BANK\app\src\main\res\layout\fragment_home.xml", "XML", 0, 0, 0, 221, 0, 0, 0, 42, 263
"c:\Users\didac\OneDrive\Documentos\FP\CFGS\2nDAM\PROJECTES\SIM_BANK\app\src\main\res\layout\fragment_info_account.xml", "XML", 0, 0, 0, 136, 0, 0, 0, 19, 155
"c:\Users\didac\OneDrive\Documentos\FP\CFGS\2nDAM\PROJECTES\SIM_BANK\app\src\main\res\layout\fragment_info_card.xml", "XML", 0, 0, 0, 247, 0, 0, 0, 25, 272
"c:\Users\didac\OneDrive\Documentos\FP\CFGS\2nDAM\PROJECTES\SIM_BANK\app\src\main\res\layout\fragment_movements_filtered_list.xml", "XML", 0, 0, 0, 22, 0, 0, 0, 3, 25
"c:\Users\didac\OneDrive\Documentos\FP\CFGS\2nDAM\PROJECTES\SIM_BANK\app\src\main\res\layout\fragment_notifications.xml", "XML", 0, 0, 0, 38, 0, 0, 0, 6, 44
"c:\Users\didac\OneDrive\Documentos\FP\CFGS\2nDAM\PROJECTES\SIM_BANK\app\src\main\res\layout\fragment_privacy_policy.xml", "XML", 0, 0, 0, 55, 0, 0, 0, 10, 65
"c:\Users\didac\OneDrive\Documentos\FP\CFGS\2nDAM\PROJECTES\SIM_BANK\app\src\main\res\layout\fragment_profile.xml", "XML", 0, 0, 0, 299, 0, 0, 0, 43, 342
"c:\Users\didac\OneDrive\Documentos\FP\CFGS\2nDAM\PROJECTES\SIM_BANK\app\src\main\res\layout\fragment_promotions.xml", "XML", 0, 0, 0, 87, 0, 0, 0, 9, 96
"c:\Users\didac\OneDrive\Documentos\FP\CFGS\2nDAM\PROJECTES\SIM_BANK\app\src\main\res\layout\fragment_resum_transfer.xml", "XML", 0, 0, 0, 286, 0, 0, 0, 32, 318
"c:\Users\didac\OneDrive\Documentos\FP\CFGS\2nDAM\PROJECTES\SIM_BANK\app\src\main\res\layout\fragment_search_movements.xml", "XML", 0, 0, 0, 181, 0, 0, 0, 28, 209
"c:\Users\didac\OneDrive\Documentos\FP\CFGS\2nDAM\PROJECTES\SIM_BANK\app\src\main\res\layout\fragment_settings.xml", "XML", 0, 0, 0, 13, 0, 0, 0, 2, 15
"c:\Users\didac\OneDrive\Documentos\FP\CFGS\2nDAM\PROJECTES\SIM_BANK\app\src\main\res\layout\fragment_step1.xml", "XML", 0, 0, 0, 107, 0, 0, 0, 11, 118
"c:\Users\didac\OneDrive\Documentos\FP\CFGS\2nDAM\PROJECTES\SIM_BANK\app\src\main\res\layout\fragment_step2.xml", "XML", 0, 0, 0, 214, 0, 0, 0, 22, 236
"c:\Users\didac\OneDrive\Documentos\FP\CFGS\2nDAM\PROJECTES\SIM_BANK\app\src\main\res\layout\fragment_step3.xml", "XML", 0, 0, 0, 198, 0, 0, 0, 25, 223
"c:\Users\didac\OneDrive\Documentos\FP\CFGS\2nDAM\PROJECTES\SIM_BANK\app\src\main\res\layout\fragment_step4.xml", "XML", 0, 0, 0, 68, 0, 0, 0, 7, 75
"c:\Users\didac\OneDrive\Documentos\FP\CFGS\2nDAM\PROJECTES\SIM_BANK\app\src\main\res\layout\fragment_transfer.xml", "XML", 0, 0, 0, 251, 0, 0, 0, 37, 288
"c:\Users\didac\OneDrive\Documentos\FP\CFGS\2nDAM\PROJECTES\SIM_BANK\app\src\main\res\layout\fragment_transfer_detail_account.xml", "XML", 0, 0, 0, 276, 0, 0, 0, 38, 314
"c:\Users\didac\OneDrive\Documentos\FP\CFGS\2nDAM\PROJECTES\SIM_BANK\app\src\main\res\layout\fragment_transfer_from_contact.xml", "XML", 0, 0, 0, 81, 0, 0, 0, 18, 99
"c:\Users\didac\OneDrive\Documentos\FP\CFGS\2nDAM\PROJECTES\SIM_BANK\app\src\main\res\layout\fragment_update_email.xml", "XML", 0, 0, 0, 112, 0, 0, 0, 13, 125
"c:\Users\didac\OneDrive\Documentos\FP\CFGS\2nDAM\PROJECTES\SIM_BANK\app\src\main\res\layout\fragment_update_name.xml", "XML", 0, 0, 0, 128, 0, 0, 0, 15, 143
"c:\Users\didac\OneDrive\Documentos\FP\CFGS\2nDAM\PROJECTES\SIM_BANK\app\src\main\res\layout\fragment_update_password.xml", "XML", 0, 0, 0, 122, 0, 0, 0, 14, 136
"c:\Users\didac\OneDrive\Documentos\FP\CFGS\2nDAM\PROJECTES\SIM_BANK\app\src\main\res\layout\fragment_update_phone.xml", "XML", 0, 0, 0, 92, 0, 0, 0, 11, 103
"c:\Users\didac\OneDrive\Documentos\FP\CFGS\2nDAM\PROJECTES\SIM_BANK\app\src\main\res\layout\fragment_user_missions.xml", "XML", 0, 0, 0, 23, 0, 0, 0, 4, 27
"c:\Users\didac\OneDrive\Documentos\FP\CFGS\2nDAM\PROJECTES\SIM_BANK\app\src\main\res\layout\item_account_movements.xml", "XML", 0, 0, 0, 84, 0, 0, 0, 12, 96
"c:\Users\didac\OneDrive\Documentos\FP\CFGS\2nDAM\PROJECTES\SIM_BANK\app\src\main\res\layout\item_add_credit_card.xml", "XML", 0, 0, 0, 69, 0, 0, 0, 7, 76
"c:\Users\didac\OneDrive\Documentos\FP\CFGS\2nDAM\PROJECTES\SIM_BANK\app\src\main\res\layout\item_add_from_agenda.xml", "XML", 0, 0, 0, 64, 0, 0, 0, 12, 76
"c:\Users\didac\OneDrive\Documentos\FP\CFGS\2nDAM\PROJECTES\SIM_BANK\app\src\main\res\layout\item_add_note.xml", "XML", 0, 0, 0, 72, 0, 0, 0, 14, 86
"c:\Users\didac\OneDrive\Documentos\FP\CFGS\2nDAM\PROJECTES\SIM_BANK\app\src\main\res\layout\item_bizum.xml", "XML", 0, 0, 0, 73, 0, 0, 0, 8, 81
"c:\Users\didac\OneDrive\Documentos\FP\CFGS\2nDAM\PROJECTES\SIM_BANK\app\src\main\res\layout\item_bizum_address.xml", "XML", 0, 0, 0, 67, 0, 0, 0, 12, 79
"c:\Users\didac\OneDrive\Documentos\FP\CFGS\2nDAM\PROJECTES\SIM_BANK\app\src\main\res\layout\item_contact.xml", "XML", 0, 0, 0, 161, 0, 0, 0, 22, 183
"c:\Users\didac\OneDrive\Documentos\FP\CFGS\2nDAM\PROJECTES\SIM_BANK\app\src\main\res\layout\item_contact_loading.xml", "XML", 0, 0, 0, 52, 0, 0, 0, 9, 61
"c:\Users\didac\OneDrive\Documentos\FP\CFGS\2nDAM\PROJECTES\SIM_BANK\app\src\main\res\layout\item_contact_transfer.xml", "XML", 0, 0, 0, 60, 0, 0, 0, 8, 68
"c:\Users\didac\OneDrive\Documentos\FP\CFGS\2nDAM\PROJECTES\SIM_BANK\app\src\main\res\layout\item_credit_card.xml", "XML", 0, 0, 0, 61, 0, 0, 0, 7, 68
"c:\Users\didac\OneDrive\Documentos\FP\CFGS\2nDAM\PROJECTES\SIM_BANK\app\src\main\res\layout\item_credit_card_loading.xml", "XML", 0, 0, 0, 87, 0, 0, 0, 12, 99
"c:\Users\didac\OneDrive\Documentos\FP\CFGS\2nDAM\PROJECTES\SIM_BANK\app\src\main\res\layout\item_featured_promotions.xml", "XML", 0, 0, 0, 57, 0, 0, 0, 8, 65
"c:\Users\didac\OneDrive\Documentos\FP\CFGS\2nDAM\PROJECTES\SIM_BANK\app\src\main\res\layout\item_home_header.xml", "XML", 0, 0, 0, 42, 0, 0, 0, 6, 48
"c:\Users\didac\OneDrive\Documentos\FP\CFGS\2nDAM\PROJECTES\SIM_BANK\app\src\main\res\layout\item_home_header_loading.xml", "XML", 0, 0, 0, 37, 0, 0, 0, 6, 43
"c:\Users\didac\OneDrive\Documentos\FP\CFGS\2nDAM\PROJECTES\SIM_BANK\app\src\main\res\layout\item_info_promotions.xml", "XML", 0, 0, 0, 27, 0, 0, 0, 3, 30
"c:\Users\didac\OneDrive\Documentos\FP\CFGS\2nDAM\PROJECTES\SIM_BANK\app\src\main\res\layout\item_mission.xml", "XML", 0, 0, 0, 51, 0, 0, 0, 12, 63
"c:\Users\didac\OneDrive\Documentos\FP\CFGS\2nDAM\PROJECTES\SIM_BANK\app\src\main\res\layout\item_movement_loading.xml", "XML", 0, 0, 0, 72, 0, 0, 0, 10, 82
"c:\Users\didac\OneDrive\Documentos\FP\CFGS\2nDAM\PROJECTES\SIM_BANK\app\src\main\res\layout\item_movements.xml", "XML", 0, 0, 0, 73, 0, 0, 0, 10, 83
"c:\Users\didac\OneDrive\Documentos\FP\CFGS\2nDAM\PROJECTES\SIM_BANK\app\src\main\res\layout\item_notification.xml", "XML", 0, 0, 0, 83, 0, 0, 0, 18, 101
"c:\Users\didac\OneDrive\Documentos\FP\CFGS\2nDAM\PROJECTES\SIM_BANK\app\src\main\res\layout\item_profile_image_loading.xml", "XML", 0, 0, 0, 14, 0, 0, 0, 3, 17
"c:\Users\didac\OneDrive\Documentos\FP\CFGS\2nDAM\PROJECTES\SIM_BANK\app\src\main\res\layout\item_settings.xml", "XML", 0, 0, 0, 44, 0, 0, 0, 7, 51
"c:\Users\didac\OneDrive\Documentos\FP\CFGS\2nDAM\PROJECTES\SIM_BANK\app\src\main\res\layout\item_spinner_dropdown.xml", "XML", 0, 0, 0, 12, 0, 0, 0, 5, 17
"c:\Users\didac\OneDrive\Documentos\FP\CFGS\2nDAM\PROJECTES\SIM_BANK\app\src\main\res\layout\item_spinner_text.xml", "XML", 0, 0, 0, 12, 0, 0, 0, 2, 14
"c:\Users\didac\OneDrive\Documentos\FP\CFGS\2nDAM\PROJECTES\SIM_BANK\app\src\main\res\layout\item_transfer.xml", "XML", 0, 0, 0, 75, 0, 0, 0, 9, 84
"c:\Users\didac\OneDrive\Documentos\FP\CFGS\2nDAM\PROJECTES\SIM_BANK\app\src\main\res\layout\item_update_alias.xml", "XML", 0, 0, 0, 57, 0, 0, 0, 11, 68
"c:\Users\didac\OneDrive\Documentos\FP\CFGS\2nDAM\PROJECTES\SIM_BANK\app\src\main\res\layout\view_header.xml", "XML", 0, 0, 0, 25, 0, 0, 0, 3, 28
"c:\Users\didac\OneDrive\Documentos\FP\CFGS\2nDAM\PROJECTES\SIM_BANK\app\src\main\res\menu\bottom_navigation_menu.xml", "XML", 0, 0, 0, 19, 0, 0, 0, 1, 20
"c:\Users\didac\OneDrive\Documentos\FP\CFGS\2nDAM\PROJECTES\SIM_BANK\app\src\main\res\menu\navdrawer_menu.xml", "XML", 0, 0, 0, 26, 0, 0, 0, 5, 31
"c:\Users\didac\OneDrive\Documentos\FP\CFGS\2nDAM\PROJECTES\SIM_BANK\app\src\main\res\menu\right_options.xml", "XML", 0, 0, 0, 9, 0, 0, 5, 2, 16
"c:\Users\didac\OneDrive\Documentos\FP\CFGS\2nDAM\PROJECTES\SIM_BANK\app\src\main\res\mipmap-anydpi-v26\ic_launcher.xml", "XML", 0, 0, 0, 5, 0, 0, 0, 0, 5
"c:\Users\didac\OneDrive\Documentos\FP\CFGS\2nDAM\PROJECTES\SIM_BANK\app\src\main\res\mipmap-anydpi-v26\ic_launcher_round.xml", "XML", 0, 0, 0, 5, 0, 0, 0, 0, 5
"c:\Users\didac\OneDrive\Documentos\FP\CFGS\2nDAM\PROJECTES\SIM_BANK\app\src\main\res\mipmap-anydpi-v33\ic_launcher.xml", "XML", 0, 0, 0, 6, 0, 0, 0, 0, 6
"c:\Users\didac\OneDrive\Documentos\FP\CFGS\2nDAM\PROJECTES\SIM_BANK\app\src\main\res\navigation\navigation.xml", "XML", 0, 0, 0, 547, 0, 0, 0, 9, 556
"c:\Users\didac\OneDrive\Documentos\FP\CFGS\2nDAM\PROJECTES\SIM_BANK\app\src\main\res\raw\generate_money.json", "JSON", 0, 0, 0, 0, 0, 1, 0, 0, 1
"c:\Users\didac\OneDrive\Documentos\FP\CFGS\2nDAM\PROJECTES\SIM_BANK\app\src\main\res\raw\great.json", "JSON", 0, 0, 0, 0, 0, 1, 0, 0, 1
"c:\Users\didac\OneDrive\Documentos\FP\CFGS\2nDAM\PROJECTES\SIM_BANK\app\src\main\res\raw\load.json", "JSON", 0, 0, 0, 0, 0, 1, 0, 0, 1
"c:\Users\didac\OneDrive\Documentos\FP\CFGS\2nDAM\PROJECTES\SIM_BANK\app\src\main\res\raw\load_number.json", "JSON", 0, 0, 0, 0, 0, 1, 0, 0, 1
"c:\Users\didac\OneDrive\Documentos\FP\CFGS\2nDAM\PROJECTES\SIM_BANK\app\src\main\res\raw\loading.json", "JSON", 0, 0, 0, 0, 0, 1, 0, 0, 1
"c:\Users\didac\OneDrive\Documentos\FP\CFGS\2nDAM\PROJECTES\SIM_BANK\app\src\main\res\raw\slot_number.json", "JSON", 0, 0, 0, 0, 0, 1, 0, 0, 1
"c:\Users\didac\OneDrive\Documentos\FP\CFGS\2nDAM\PROJECTES\SIM_BANK\app\src\main\res\raw\welcome.json", "JSON", 0, 0, 0, 0, 0, 1, 0, 0, 1
"c:\Users\didac\OneDrive\Documentos\FP\CFGS\2nDAM\PROJECTES\SIM_BANK\app\src\main\res\values-night\themes.xml", "XML", 0, 0, 0, 11, 0, 0, 5, 0, 16
"c:\Users\didac\OneDrive\Documentos\FP\CFGS\2nDAM\PROJECTES\SIM_BANK\app\src\main\res\values\colors.xml", "XML", 0, 0, 0, 39, 0, 0, 0, 15, 54
"c:\Users\didac\OneDrive\Documentos\FP\CFGS\2nDAM\PROJECTES\SIM_BANK\app\src\main\res\values\strings.xml", "XML", 0, 0, 0, 238, 0, 0, 1, 36, 275
"c:\Users\didac\OneDrive\Documentos\FP\CFGS\2nDAM\PROJECTES\SIM_BANK\app\src\main\res\values\themes.xml", "XML", 0, 0, 0, 130, 0, 0, 6, 19, 155
"c:\Users\didac\OneDrive\Documentos\FP\CFGS\2nDAM\PROJECTES\SIM_BANK\app\src\main\res\xml\backup_rules.xml", "XML", 0, 0, 0, 3, 0, 0, 10, 0, 13
"c:\Users\didac\OneDrive\Documentos\FP\CFGS\2nDAM\PROJECTES\SIM_BANK\app\src\main\res\xml\data_extraction_rules.xml", "XML", 0, 0, 0, 5, 0, 0, 14, 0, 19
"c:\Users\didac\OneDrive\Documentos\FP\CFGS\2nDAM\PROJECTES\SIM_BANK\app\src\test\java\com\bluemeth\simbank\ExampleUnitTest.kt", "Kotlin", 0, 0, 0, 0, 9, 0, 5, 3, 17
"c:\Users\didac\OneDrive\Documentos\FP\CFGS\2nDAM\PROJECTES\SIM_BANK\build.gradle", "Gradle", 0, 19, 0, 0, 0, 0, 0, 3, 22
"c:\Users\didac\OneDrive\Documentos\FP\CFGS\2nDAM\PROJECTES\SIM_BANK\gradle.properties", "Java Properties", 0, 0, 4, 0, 0, 0, 19, 0, 23
"c:\Users\didac\OneDrive\Documentos\FP\CFGS\2nDAM\PROJECTES\SIM_BANK\gradle\wrapper\gradle-wrapper.properties", "Java Properties", 0, 0, 5, 0, 0, 0, 1, 1, 7
"c:\Users\didac\OneDrive\Documentos\FP\CFGS\2nDAM\PROJECTES\SIM_BANK\gradlew.bat", "Batch", 68, 0, 0, 0, 0, 0, 0, 22, 90
"c:\Users\didac\OneDrive\Documentos\FP\CFGS\2nDAM\PROJECTES\SIM_BANK\settings.gradle", "Gradle", 0, 16, 0, 0, 0, 0, 0, 1, 17
"Total", "-", 68, 109, 9, 10280, 11770, 83, 233, 3916, 26468